官网,总规模,省份,微信公众号,起点,开赛日期,奖牌,报名开启时间,联系电话,报名费,官方邮箱,主办单位,分项规模,赛事等级,比赛项目,比赛路线,运营单位,抽签,出签日期,状态,报名截止时间,赛事名称
,,香港,,,2024-02-04 14:01,,,,,,,,AIMS,,,,,,,,China Coast Marathon and Half Marathon
,10000,浙江,,,2024-03-17 15:19,,,,,,杭州市临平区人民政府,,A2,半程 / 短距离,,杭州市临平区文化和广电旅游体育局文化和体育科,,,已结束,,临平半程马拉松
,10000,河南,,,2024-03-24 15:19,,,,,,滑县人民政府,,A1,全程 / 半程 / 短距离,,北京双奥体育文化产业集团有限公司,,,已结束,,滑县马拉松
,8000,广东,,,2024-01-01 13:59,,,,,,云浮市人民政府,,A类,半程 / 短距离,,,,,已结束,,云浮半程马拉松赛
,13000,广东,,,2024-01-21 13:59,,,,,,湛江市人民政府,,A类,半程 / 短距离,,,,,已结束,,湛江半程马拉松赛
,35000,四川,,,2024-03-24 15:19,,,,,,成都市人民政府,,A1,全程 / 半程 / 短距离,,成都双遗体育产业发展有限公司,,,已结束,,成都双遗马拉松
,10000,重庆,,,2024-03-17 15:19,,,,,,重庆市铜梁区人民政府,,A2,全程 / 半程 / 短距离,,重庆从云行风体育发展有限公司,,,已结束,,重庆铜梁马拉松
,,香港,,,2024-01-21 13:54,,,,,,,,HKAAA / 金标 / AIMS,全程 / 半程 / 10km,,,,,已结束,,香港马拉松
,30000,福建,,,2024-01-07 13:59,,,,,,厦门市人民政府,,A1 / 白金 / AIMS,全程,,厦门文广体育有限公司,,,已结束,,厦门马拉松
,30000,广西,,,2024-03-17 15:19,,,,,,桂林市人民政府 / 广西壮族自治区体育局,,A1 / 标牌,全程 / 半程 / 短距离,,广东新中体育集团有限公司,,,已结束,,桂林马拉松
,20000,广东,,,2024-03-17 15:19,,,,,,清远市人民政府,,A1,全程 / 半程 / 短距离,,广东新中体育集团有限公司,,,已结束,,清远马拉松赛
,5000,上海,,,2024-01-01 13:59,,,,,,上海市嘉定区体育局 / 上海久事体育产业发展（集团）有限公司 / 上海报业集团新闻报社,,B类,半程 / 短距离,,上海报业集团新闻报社,,,已结束,,蒸蒸日上迎新跑
,16000,四川,,,2024-02-25 14:45,,,,,,仁寿县人民政府,,A1 / 金标 / AIMS,半程 / 短距离,,四川博捷体育文化传播有限公司,,,已结束,,眉山仁寿半程马拉松
,,广西,,,2024-01-21 13:59,,,,,,,,A类,,,,,,取消/推迟/熔断,,“奥跑中国”大众路跑全国系列赛 广西南宁站
,10000,浙江,,,2024-03-17 15:19,,,,,,宁海县人民政府,,A1,全程 / 半程 / 短距离,,,,,已结束,,宁海马拉松
,,上海,,,2024-03-17 15:19,,,,,,,,A1,,,,,,已结束,,上海静安半程马拉松
,20000,贵州,,,2024-03-03 15:18,,,,,,贵州省体育局 / 黔西南州人民政府,,A1,全程 / 半程 / 短距离,,四川博捷体育文化传播有限公司,,,已结束,,万峰林马拉松
,10000,江苏,,,2024-03-10 15:19,,,,,,无锡太湖国家旅游度假区管委会,,A1,半程 / 中距离 / 短距离,,江苏苏奥体育科技有限公司,,,已结束,,无锡太湖女子半程马拉松
,5000,江西,,,2024-03-17 15:19,,,,,,南昌高新技术开发区管委会 / 南昌市体育局,,B类,半程 / 短距离,,江西汗青体育发展有限公司,,,已结束,,南昌鄱阳湖半程马拉松
,12000,江苏,,,2024-03-03 15:18,,,,,,南京市溧水区人民政府,,A1,半程 / 短距离,,江苏有迈体育发展股份有限公司,,,已结束,,南京溧水半程马拉松
,12000,广东,,,2024-01-01 13:59,,,,,,佛山市顺德区人民政府,,A1,全程 / 半程 / 短距离,,广东新中体育集团有限公司,,,已结束,,顺德容桂环岛马拉松
,5000,河南,,,2024-03-24 15:19,,,,,,辉县市人民政府,,A1,半程 / 短距离,,河南世纪中原体育文化有限公司,,,已结束,,辉县马拉松赛
,,海南,,,2024-01-14 13:59,,,,,,,,A类,,,,,,取消/推迟/熔断,,海口马拉松赛
,10000,江苏,,,2024-03-03 15:18,,,,,,苏州太湖国家旅游度假区管委会,,A1,半程 / 短距离,,江苏苏奥体育科技有限公司,,,已结束,,苏州太湖蓝女子精英赛
,10000,湖北,,,2024-03-17 15:19,,,,,,仙桃市人民政府,,A1,全程 / 半程 / 短距离,,广州博润体育科技有限公司,,,已结束,,仙桃马拉松
,4000,广东,,,2024-01-01 13:59,,,,,,大鹏新区管委会,,A类,全程,,深圳市新域文化传媒有限公司,,,已结束,,深圳大鹏新年马拉松
,8000,贵州,,,2024-03-10 15:19,,,,,,榕江县人民政府,,A1,半程 / 短距离,,广东新中体育集团有限公司,,,已结束,,榕江半程马拉松赛
,33000,江苏,,,2024-03-24 15:19,,,,,,无锡市人民政府,,A1 / 金标 / AIMS,全程 / 半程 / 短距离,,无锡汇跑体育有限公司,,,已结束,,无锡马拉松
,5800,上海,,,2024-03-10 15:19,,,,,,上海市长宁区人民政府,,A1,半程 / 短距离,,上海东浩兰生赛事管理有限公司,,,已结束,,上海女子半程马拉松赛
,6000,浙江,,,2024-03-10 15:19,,,,,,"温州市龙湾区人民政府
",,A1,半程 / 短距离,,温州马拉松协会,,,已结束,,龙湾半程马拉松
,7000,广东,,,2024-01-01 13:59,,,,,,东莞市厚街镇人民政府,,A1,半程 / 中距离 / 短距离,,深圳市五环体育产业发展有限公司,,,已结束,,厚街半程马拉松
,8000,四川,,,2024-03-16 15:19,,,,,,犍为县人民政府,,A1,半程 / 短距离,,成都中体大健康体育文化传播有限公司,,,已结束,,乐山犍为半程马拉松
,5000,江苏,,,2024-03-17 15:19,,,,,,无锡市惠山区人民政府,,A1,半程 / 短距离,,无锡汇跑体育有限公司,,,已结束,,阳山半程马拉松
,5000,海南,,,2024-01-14 13:59,,,,,,湛江市徐闻县人民政府,,A类,全程 / 半程 / 短距离,,,,,已结束,,徐闻马拉松
,5000,福建,,,2024-03-24 15:19,,,,,,上杭县人民政府,,A1,半程,,福建省兰田体育文化发展有限公司,,,已结束,,上杭“红古田”半程马拉松赛
https://www.macao10k.com,10000,澳门,澳门体育,,2024-03-17 14:03,,,(853)28236363,MOP200/70,macao10k@sport.gov.mo,澳门特别行政区体育局 / 金沙中国有限公司 / 澳门田径总会,7000/3000,AAMC / AIMS,10km / 短距离,,,,,已结束,,澳门国际十公里长跑赛
,5000,广西,,,2024-03-24 15:19,,,,,,广西社会体育运动发展中心 / 武宣县人民政府 / 来宾市教育体育局,,A1,半程 / 短距离,,广西旅发南国体育赛事有限公司,,,已结束,,武宣半程马拉松
,,台湾,,,2024-02-25 13:43,,,,,,,,AIMS,,,,,,已结束,,臺北公益馬拉松
,,台湾,,,2024-03-10 13:42,,,,,,,,AIMS,,,,,,已结束,,臺北國道馬拉松
,,台湾,,,2024-03-03 13:38,,,+886-2-27782240,,,,,AIMS,,,,,,已结束,,台南半程马拉松
,5000,重庆,,,2024-03-03 15:18,,,,,,重庆市长寿区人民政府,,A2,半程 / 短距离,,重庆千君万马体育发展有限公司 / 重庆市长寿湖旅游景区管理股份有限公司,,,已结束,,重庆长寿湖半程马拉松
,,四川,,,2024-03-10 15:19,,,,,,金堂县人民政府,,B类,,,成都享跑科技发展有限责任公司,,,已结束,,成都龙泉山城市森林公园·五凤溪半程马拉松
http://luoping_marathon.mararun.com,15000,云南,2024曲靖罗平花海马拉松,,2024-02-25 14:45,,,0874-6013507,200/120/50,luoping_marathon@126.com,云南省文化和旅游局 / 云南省体育局 / 曲靖市人民政府,3000/5000/7000,A类,全程 / 半程 / 短距离,,中体联赛管理（北京）有限公司,,,已结束,,曲靖罗平马拉松
,30000,重庆,,,2024-03-24 15:19,,,,,,重庆市体育局 / 重庆市南岸区人民政府 / 重庆市巴南区人民政府,,A1 / 金标 / AIMS / CMM,全程 / 短距离,,重庆重马体育发展有限公司,,,已结束,,重庆马拉松
,20000,广东,,,2024-01-01 13:59,,,,,,广州市增城区人民政府,,A类,半程 / 10km / 短距离,,广州市青少年体育发展促进会,,,已结束,,粤港澳大湾区女子半程马拉松
,10000,湖北,,,2024-03-17 15:19,,,,,,远安县人民政府,,A1,全程 / 半程 / 短距离,,广州博润体育科技有限公司,,,已结束,,远安马拉松
,3500,贵州,,,2024-01-14 13:59,,,,,,黔西南布依族苗族自治州人民政府,,B类,半程 / 短距离,,广东新中体育集团有限公司 / 警网传媒（北京）有限责任公司,,,已结束,,万峰林警察半程马拉松
,12000,广东,,,2024-03-24 15:19,,,,,,东莞松山湖高新技术产业开发区管委会,,A1,半程 / 10km / 短距离,,爱动时代体育文旅科技（广东）有限公司,,,已结束,,东莞松山湖科学城半程马拉松
,12000,广东,,,2024-03-24 15:19,,,,,,茂名市人民政府,,A1,全程 / 半程 / 短距离,,广州珠江体育文化发展股份有限公司,,,已结束,,茂名马拉松
,12000,广东,,,2024-03-17 15:19,,,,,,惠州市人民政府,,A1,全程 / 半程 / 短距离,,广州博润体育科技有限公司,,,已结束,,惠州马拉松
,30000,湖北,,,2024-03-24 15:19,,,,,,武汉市人民政府,,A1 / 精英 / CMM,全程 / 半程 / 中距离,,武汉体育发展投资有限公司 / 武汉汉马体育管理有限公司,,,已结束,,武汉马拉松
,15000,江西,,,2024-03-24 15:19,,,,,,九江市人民政府,,A1,全程 / 半程 / 短距离,,江苏省体育竞赛有限公司,,,已结束,,九江马拉松
,13000,江苏,,,2024-03-10 15:19,,,,,,南京市浦口区人民政府,,A1 / 标牌,全程 / 半程 / 短距离,,南京乐驰体育文化传播有限公司,,,已结束,,南京浦口马拉松
,20000,江苏,,,2024-03-17 15:19,,,,,,南京市人民政府,,A1,半程,,南京善跑体育科技有限公司,,,已结束,,南京半程马拉松
,10000,云南,,,2024-03-17 15:19,,,,,,中共普洱市思茅区委员会 / 普洱市思茅区人民政府,,A1,全程 / 半程 / 短距离,,四川博捷体育文化传播有限公司,,,已结束,,普洱思茅马拉松
,30000,江苏,,,2024-03-10 15:19,,,,,,苏州工业园区管理委员会 / 苏州市体育局,,A1 / 标牌,半程 / 中距离 / 短距离,,苏州汇创体育文化发展有限公司,,,已结束,,苏州环金鸡湖半程马拉松 
,12000,江苏,,,2024-03-24 15:19,,,,,,南京市江宁区人民政府,,A1,半程 / 短距离,,江苏省体育竞赛有限公司,,,已结束,,南京江宁大学城半程马拉松
,10000,重庆,,,2024-03-09 15:19,,,,,,重庆市永川区人民政府,,A1,全程 / 半程 / 短距离,,重庆炫豹体育文化产业有限公司,,,已结束,,永川马拉松
,12000,浙江,,,2024-03-24 15:19,,,,,,宁波市奉化区人民政府,,A1,全程 / 半程 / 中距离,,路越（上海）体育发展有限公司,,,已结束,,奉化马拉松
,,台湾,,,2024-03-17 13:40,,,,,,,,金标 / AIMS,,,,,,已结束,,新北市万金石马拉松
,8000,湖北,,,2024-03-17 15:19,,,,,,沙洋县人民政府,,A1,半程 / 短距离,,杭州嗨跑体育管理有限公司,,,已结束,,湖北沙洋江汉运河半程马拉松
,11000,安徽,,,2024-03-31 16:54,,,,80/50/30,,凤台县人民政府,4000/3500/3500,A1,半程 / 中距离 / 短距离,,安徽盛齐体育发展有限责任公司,,,已结束,,凤台警营半程马拉松
,15000,浙江,,,2024-03-31 16:54,,,,,,丽水市人民政府,,A1,全程 / 半程 / 短距离,,浙江飞翔体育文化有限公司,,,已结束,,丽水马拉松
,31000,河北,,,2024-03-31 16:54,,,,,,石家庄市人民政府,,A1 / 标牌,全程 / 半程 / 10km / 短距离,,河北野人体育文化发展有限公司,,,已结束,,石家庄马拉松赛
,10000,江苏,,,2024-03-31 16:54,,,,,,常州市钟楼区人民政府,,A1,半程 / 短距离,,江苏有迈体育发展股份有限公司,,,已结束,,常州钟楼半程马拉松
,12000,江苏,,,2024-04-21 09:46,,,,,,南京市栖霞区人民政府 / 南京市仙林大学城管理委员会,,A1 / 标牌,半程 / 短距离,,南京善跑体育科技有限公司,,,已结束,,南京仙林半程马拉松
,10000,河南,,,2024-04-13 09:45,,,,,,鹤壁市人民政府,,A1,全程 / 半程 / 短距离,,河南世纪中原体育文化有限公司,,,已结束,,鹤壁马拉松
,5000,江西,,,2024-04-14 09:46,,,,,,永修县人民政府,,A1,半程 / 短距离,,踏秀体育文化发展（上海）有限公司,,,已结束,,江西永修半程马拉松赛
,5000,新疆,,,2024-04-14 09:46,,,,,,伊宁市人民政府,,A1,全程 / 半程 / 短距离,,南京善跑体育科技有限公司,,,已结束,,伊犁河马拉松
,12000,江苏,,,2024-03-31 16:54,,,,,,宿迁市人民政府,,A1,全程 / 半程 / 短距离,,南京善跑体育科技有限公司,,,已结束,,宿迁马拉松
,20000,湖北,,,2024-03-31 16:54,,,,,,荆州市人民政府,,A1,全程 / 半程 / 中距离 / 短距离,,广州博润体育科技有限公司,,,已结束,,荆州马拉松
,12000,山东,,,2024-04-14 09:45,,,,,,荣成市人民政府,,A1,全程 / 半程 / 短距离,,山东广播电视台,,,已结束,,荣成马拉松
,30000,广西,,,2024-03-31 16:54,,,,,,柳州市人民政府,,A1,全程 / 半程 / 中距离 / 短距离,,广东新中体育集团有限公司,,,已结束,,柳州马拉松
,16000,安徽,,,2024-03-31 16:54,,,,,,安徽省体育局 / 芜湖市人民政府,,A1,全程 / 半程 / 10km / 短距离,,安徽波动体育文化科技有限公司 / 安徽波动马拉松赛事运营管理有限公司,,,已结束,,芜湖马拉松暨中国10公里精英赛（芜湖站）
,5000,江西,,,2024-03-31 16:54,,,,,,修水县人民政府,,A1,半程 / 短距离,,浙江森狼体育发展有限公司,,,已结束,,修水半程马拉松
,15000,浙江,,,2024-04-21 09:46,,,,,,绍兴市上虞区人民政府,,A1 / 标牌,半程 / 短距离,,广州博润体育科技有限公司,,,已结束,,绍兴·上虞半程马拉松
,5000,浙江,,,2024-04-14 09:46,,,,,,温州市体育局 / 乐清市人民政府,,A1,半程 / 短距离,,杭州嗨跑体育管理有限公司,,,已结束,,乐清半程马拉松
https://www.womenruntpe.com/,12000,台湾,,,2024-04-14 13:45,,,(886)02-25855659,NTD1200/800/500,service@sportsnet.org.tw,“中華民國路跑協會”,6000/5000/1000,AIMS,半程 / 10km / 短距离,,,,,已结束,,WOMEN RUN TPE
,15000,江苏,,,2024-04-14 09:46,,,,,,盐城市人民政府,,A1,全程 / 半程 / 短距离,,南京善跑体育科技有限公司,,,已结束,,盐城马拉松
,5000,海南,,,2024-03-31 16:54,,,,,,陵水黎族自治县人民政府,,A1,半程 / 短距离,,中奥智胜（北京）体育发展有限公司,,,已结束,,陵水半程马拉松
,10000,江苏,,,2024-04-14 09:46,,,,,,常州市金坛区人民政府 / 常州市体育局,,A1,半程 / 中距离 / 短距离,,江苏有迈体育发展股份有限公司,,,已结束,,金坛茅山半程马拉松
,25000,江苏,,,2024-04-14 09:46,,,,,,苏州市人民政府,,A1,全程 / 半程 / 短距离,,南京善跑体育科技有限公司,,,已结束,,苏州马拉松
,10000,江苏,,,2024-03-31 16:54,,,,,,苏州市相城区人民政府,,A1,半程 / 短距离,,南京善跑体育科技有限公司,,,已结束,,苏州阳澄湖半程马拉松
,5000,上海,,,2024-04-21 09:46,,,,150,,上海市松江区人民政府,5000,A1,半程,,南京善跑体育科技有限公司,,,已结束,,上海佘山半程马拉松
,6000,山东,,,2024-04-14 09:46,,,,,,潍坊峡山生态经济开发区管理委员会,,A1,全程 / 半程 / 短距离,,济南路跑文化传播有限公司,,,已结束,,环峡山湖马拉松
,15000,重庆,,,2024-04-06 09:44,,,,,,重庆市万州区人民政府,,A1,全程 / 半程 / 短距离,,重庆三峡传媒集团有限公司,,,已结束,,重庆万州环湖马拉松
,13000,北京,,,2024-04-21 09:46,,,,,,北京市通州区人民政府 / 北京市国有资产经营有限责任公司,,A1,全程 / 短距离,,北京北奥集团有限责任公司,,,已结束,,北京城市副中心马拉松
,10000,河南,,,2024-03-31 16:54,,,,,,滑县人民政府,,A1,半程 / 短距离,,北京双奥体育文化产业集团有限公司,,,已结束,,新县半程马拉松
,7000,重庆,,,2024-04-13 14:19,,,,,,奉节县人民政府,,A1,半程 / 短距离,,重庆炫豹体育文化产业有限公司,,,已结束,,奉节半程马拉松
,8000,重庆,,,2024-03-31 16:54,,,,,,重庆市合川区人民政府,,A1,半程 / 短距离,,重庆千君智行体育赛事策划有限公司,,,已结束,,合川半程马拉松
,10000,四川,,,2024-03-31 16:54,,,,,,江油市人民政府,,A1,全程 / 半程 / 短距离,,四川体产赛事管理有限公司,,,已结束,,江油马拉松
,15000,上海,,,2024-04-21 09:46,,,,,,上海市浦东新区人民政府,,A1 / 金标,半程,,上海东浩兰生赛事管理有限公司,,,已结束,,上海半程马拉松
,15000,江西,,,2024-03-31 16:54,,,,,,上饶市人民政府,,A1,半程 / 短距离,,江西奥立特体育文化发展有限公司,,,已结束,,上饶半程马拉松赛
,10000,浙江,,,2024-03-31 16:54,,,,,,杭州市萧山区人民政府,,A1,半程 / 短距离,,深圳市五环体育产业发展有限公司 / 杭州文化广播电视集团,,,已结束,,杭州湘湖半程马拉松
,20000,湖北,,,2024-04-14 09:46,,,,,,湖北省体育局 / 十堰市人民政府,,A1,全程 / 半程 / 短距离,,路越（上海）体育发展有限公司,,,已结束,,十堰马拉松
,20000,北京,,,2024-04-14 09:46,,,,,,北京市体育局,,A1 / 标牌,半程,,中奥路跑（北京）体育管理有限公司,,,已结束,,北京半程马拉松
,6000,四川,,,2024-03-31 16:54,,,,,,自贡市人民政府,,A1,半程 / 短距离,,四川体产赛事管理有限公司,,,已结束,,自贡半程马拉松
,49000,河南,,,2024-03-31 16:54,,,,,,河南省体育局 / 郑州市人民政府 / 开封市人民政府,,A2 / 标牌,全程 / 半程 / 短距离,,河南世纪中原体育文化有限公司,,,已结束,,郑开马拉松赛
,10000,江苏,,,2024-04-21 09:46,,,,,,常州市天宁区人民政府 / 常州市体育局,,A1,半程 / 短距离,,江苏润龙体育文化传媒有限公司,,,已结束,,常州大运河半程马拉松
,15000,河北,,,2024-04-14 09:46,,,,,,雄安新区管委会,,A1,全程 / 半程 / 短距离,,北京中迹体育管理有限公司,,,已结束,,雄安马拉松
,15000,江苏,,,2024-04-21 09:46,,,,,,淮安市人民政府,,A1,全程 / 半程 / 短距离,,无锡汇跑体育有限公司,,,已结束,,淮安马拉松
,10000,广东,,,2024-03-30 15:19,,,,,,龙门县人民政府,,A1,半程 / 短距离,,广东新中体育集团有限公司,,,已结束,,龙门半程马拉松赛
,20000,河北,,,2024-04-21 09:46,,,,,,保定市人民政府,,A1,全程 / 半程 / 短距离,,南京善跑体育科技有限公司,,,已结束,,保定马拉松
,10000,浙江,,,2024-03-31 16:54,,,,,,杭州市余杭区人民政府,,A1,半程 / 短距离,,杭州立夏科技体育有限公司,,,已结束,,杭州梦想小镇半程马拉松
,20000,陕西,,,2024-04-14 09:46,,,,,,陕西省体育局 / 陕西省文化和旅游厅 / 杨凌示范区管委会,,A1 / 标牌,全程 / 半程 / 短距离,,,,,已结束,,杨凌农科城马拉松赛
,4000,北京,,,2024-04-21 09:46,,,,,,北京市顺义区人民政府,,A1,半程,,北京华兴众泰体育科技有限责任公司,,,已结束,,顺义后沙峪国际人才社区半程马拉松
,14000,广东,,,2024-03-31 16:54,,,,,,肇庆市人民政府,,A1,半程 / 短距离,,广州宽洋体育产业有限公司,,,已结束,,肇庆半程马拉松
,10000,贵州,,,2024-03-31 16:54,,,,,,贵州省体育局 / 铜仁市人民政府,,A2,全程 / 半程 / 短距离,,四川博捷体育文化传播有限公司,,,已结束,,贵州铜仁·梵净山春季马拉松
,1000,河北,,,2024-04-21 09:46,,,,,,河北省定州市人民政府,,A1,半程 / 短距离,,河北乐跑体育发展有限公司,,,已结束,,定州马拉松
,4900,上海,,,2024-04-13 09:45,,,,,,上海市崇明区人民政府,,A1,半程,,戈友文化传媒(上海)有限公司,,,已结束,,上海长江半程马拉松赛
,8000,广东,,,2024-04-14 09:46,,,,,,潮州市人民政府,,A1,半程 / 短距离,,广东新中体育集团有限公司,,,已结束,,潮州半程马拉松赛
,25000,江苏,,,2024-04-21 09:46,,,,,,南通市人民政府,,A1,全程 / 半程 / 短距离,,江苏铁人体育文化发展有限公司,,,已结束,,南通马拉松
,30000,江苏,,,2024-03-31 16:54,,,,,,扬州市人民政府,,A1 / 金标,半程 / 中距离 / 短距离,,广州博润体育科技有限公司,,,已结束,,扬州半程马拉松
,5000,山西,,,2024-04-21 09:46,,,,,,阳泉市体育局 / 平定县人民政府,,A1,半程 / 10km / 短距离,,四川博捷体育文化传播有限公司,,,已结束,,阳泉娘子关半程马拉松
,10000,浙江,,,2024-03-31 16:54,,,,,,德清县人民政府,,A1,半程 / 短距离,,浙江跑神体育文化策划有限公司,,,已结束,,德清半程马拉松
,5000,浙江,,,2024-03-31 16:54,,,,,,舟山市人民政府,,A2,半程 / 短距离,,北京中迹体育管理有限公司,,,已结束,,岱山海岬半程马拉松
,10000,广东,,,2024-03-31 16:54,,,,,,连南瑶族自治县人民政府,,A1,半程 / 短距离,,广东新中体育集团有限公司,,,已结束,,连南半程马拉松赛
,10000,重庆,,,2024-03-31 16:54,,,,,,垫江县人民政府,,A2,全程 / 半程 / 短距离,,重庆云动风行体育文化传播有限公司,,,已结束,,重庆垫江马拉松
,12000,浙江,,,2024-04-21 09:46,,,,,,杭州市钱塘区人民政府,,A1 / 标牌,半程 / 短距离,,浙江午马精英体育发展有限公司,,,已结束,,杭州钱塘女子半程马拉松
,12000,湖南,,,2024-04-06 09:44,,,,,,岳阳市人民政府,,A1,全程 / 半程 / 短距离,,湖南大众体育文化发展有限公司,,,已结束,,岳阳马拉松
,15000,江苏,,,2024-04-14 09:46,,,,,,江阴市人民政府,,A1,半程 / 短距离,,浙江中迹体育发展有限公司,,,已结束,,江阴半程马拉松
,10000,湖南,,,2024-04-21 09:46,,,,,,张家界市武陵源区人民政府,,A1,全程 / 半程 / 10km / 短距离,,湖南加搏体育文化传播有限公司,,,已结束,,张家界武陵源马拉松
,15000,湖南,,,2024-05-04 14:02,,,,,,湖南省体育局 / 株洲市人民政府,,A1,全程 / 半程 / 短距离,,,,,已结束,,株洲马拉松
,10000,湖北,,,2024-04-21 09:46,,,,,,湖北省体育局 / 潜江市人民政府,,A1,全程 / 半程 / 短距离,,武汉汉马体育管理有限公司,,,已结束,,潜江返湾湖马拉松
,6000,浙江,,,2024-04-21 09:46,,,,,,杭州市富阳区人民政府,,A1,半程 / 短距离,,深圳市五环体育产业发展有限公司 / 杭州文化广播电视集团 / 北京中迹体育管理有限公司,,,已结束,,杭州富阳·富春山居半程马拉松
,30000,吉林,,,2024-06-16 14:06,,,,,,吉林市人民政府 / 吉林省体育局,,A1 / 精英,全程 / 半程 / 短距离,,江苏有迈体育发展股份有限公司,,,已结束,,吉林市马拉松
,25000,山东,,,2024-04-21 09:46,,,,,,青岛市人民政府,,A1 / 精英,全程 / 半程 / 短距离,,青岛青马爱跑体育文化有限公司,,,已结束,,青岛马拉松
,25000,宁夏,,,2024-05-19 14:03,,,,,,宁夏回族自治区体育局 / 银川市人民政府,,A1,全程 / 半程 / 短距离,,,,,已结束,,宁夏银川马拉松赛
,12000,贵州,,,2024-06-23 14:29,,,,,,贵州省体育局 / 安顺市人民政府,,A1 / 精英,半程 / 中距离 / 短距离,,四川博捷体育文化传播有限公司,,,已结束,,贵州·镇宁黄果树半程马拉松
,23000,湖北,,,2024-04-21 09:46,,,,,,来凤县人民政府 /  龙山县人民政府,,A1,全程 / 半程 / 中距离 / 短距离,,湖北互通有道体育科技有限公司,,,已结束,,湘鄂龙凤马拉松
,15000,河北,,,2024-05-12 14:03,,,,,,秦皇岛市人民政府 / 河北省体育局,,A1,全程 / 短距离,,,,,已结束,,秦皇岛马拉松
,4800,江西,,,2024-04-21 09:46,,,,,,南昌县人民政府,,A1,半程 / 短距离,,浙江森狼体育发展有限公司,,,已结束,,南昌象湖半程马拉松
,5000,辽宁,,,2024-06-16 14:06,,,,,,辽宁省体育局 / 沈阳市体育局 / 沈阳市沈北新区人民政府,,A1,半程 / 短距离,,北京中锐体育产业有限公司,,,已结束,,沈北蒲河女子半程马拉松
,10000,河南,,,2024-04-27 10:15,,,,,,民权县人民政府,,A1,全程 / 半程 / 短距离,,河南世纪中原体育文化有限公司,,,已结束,,民权马拉松赛
,17000,云南,,,2024-05-19 14:03,,,,,,云南省体育局 / 红河哈尼族彝族自治州人民政府,,A1,半程 / 10km / 短距离,,,,,已结束,,弥勒女子半程马拉松
,15000,四川,,,2024-04-21 09:46,,,,,,达州市人民政府,,A1,全程 / 半程 / 短距离,,四川体产赛事管理有限公司,,,已结束,,达州马拉松
,20000,广西,,,2024-04-27 10:15,,,,,,广西壮族自治区体育局 / 梧州市人民政府,,A1,半程 / 10km / 短距离,,梧州市文化广电体育和旅游局,,,已结束,,梧州半程马拉松
,32000,贵州,,,2024-06-16 14:06,,,,,,贵州省体育局 / 贵阳市人民政府,,A1 / 标牌,全程 / 半程 / 短距离,,广东新中体育集团有限公司,,,已结束,,贵阳马拉松赛
,4000,福建,,,2024-04-21 09:46,,,,,,福建德文教育投资集团有限公司,,B类,全程 / 半程 / 10km,,厦门工学院体育发展有限公司,,,已结束,,德文厦门工学院马拉松
,8000,新疆,,,2024-06-30 14:29,,,,,,伊犁哈萨克自治州体育局 / 奎屯市人民政府,,A1,半程 / 10km / 短距离,,路越（上海）体育发展有限公司,,,已结束,,新疆奎屯半程马拉松赛暨中国田径协会10公里精英赛（奎屯站）
,10000,陕西,,,2024-04-21 09:46,,,,,,延安市新区管理委员会 / 延安市体育局,,A1,全程 / 半程 / 短距离,,陕西体育集团西风烈赛事有限公司,,,已结束,,延安新区马拉松赛
,3000,甘肃,,,2024-04-21 09:46,,,,,,康县人民政府,,A2,半程 / 短距离,,甘肃行者体育管理有限公司,,,已结束,,康县青龙山半程马拉松
,10000,安徽,,,2024-04-27 10:15,,,,,,亳州市人民政府,,A1,全程 / 半程 / 中距离 / 短距离,,安徽波动体育文化科技有限公司,,,已结束,,亳州马拉松
,8000,湖北,,,2024-04-21 09:46,,,,,,湖北省体育局 / 长阳土家族自治县人民政府,,A1,半程 / 短距离,,路越（上海）体育发展有限公司,,,已结束,,湖北·长阳清江半程马拉松
,5000,新疆,,,2024-04-21 09:46,,,,,,阿克苏市人民政府,,A1,全程 / 半程 / 短距离,,北京中迹体育管理有限公司,,,已结束,,阿克苏市马拉松
,3000,广西,,,2024-06-30 14:29,,,,,,金秀瑶族自治县人民政府,,B类,半程 / 短距离,,广东新中体育集团有限公司,,,已结束,,金秀半程马拉松
,12000,安徽,,,2024-04-21 09:46,,,,,,阜阳市人民政府,,A1,全程 / 半程 / 短距离,,阜阳市马拉松协会,,,已结束,,阜阳马拉松赛
,12000,北京,,,2024-05-26 14:04,,,,,,北京市体育局 / 密云区人民政府,,A1 / 标牌,全程 / 半程 / 短距离,,北京中锐体育产业有限公司,,,已结束,,密云马拉松
,,北京,,,2024-04-28 10:15,,,,,,大兴区人民政府,,A2,半程 / 短距离,,北京双奥体育文化产业集团有限公司,,,已结束,,北京大兴半程马拉松
,,四川,,,2024-04-21 09:46,,,,,,,,A1,,,,,,已结束,,营山马拉松
,15000,四川,,,2024-04-21 09:46,,,,,,乐山市人民政府,,A1,半程 / 短距离,,中体大健康体育文化集团有限公司,,,已结束,,乐山半程马拉松赛
,,江苏,,,2024-05-19 14:50,,,,,,常州市体育局 / 江苏常州经济开发区管委会,,A1,半程 / 短距离,,江苏有迈体育发展股份有限公司,,,已结束,,常州经开区半程马拉松
,6000,安徽,,,2024-04-27 10:15,,,,,,肥西县人民政府,,A1,半程 / 短距离,,安徽悦野在途体育文化有限公司,,,已结束,,肥西紫蓬山半程马拉松赛
,2000,浙江,,,2024-04-21 09:46,,,,,,嘉善县人民政府,,A1,10km / 短距离,,浙江跑神体育文化策划有限公司 / 北京中田经纪管理有限公司,,,已结束,,中国田径协会10公里精英赛 嘉善 · 大云
,10000,陕西,,,2024-04-21 09:46,,,,,,陕西省西咸新区开发建设管理委员会,,A1,半程 / 短距离,,西安西马汇跑赛事运营有限公司,,,已结束,,西咸新区半程马拉松
,5000,陕西,,,2024-06-16 14:06,,,,,,宝鸡市人民政府 / 宝鸡市体育局 / 麟游县人民政府,,A1,半程 / 短距离,,,,,已结束,,陕西宝鸡·麟游夏季半程马拉松
,30000,辽宁,,,2024-05-26 14:04,,,,,,辽宁省体育局 / 营口市人民政府,,A1 / 精英,全程 / 半程 / 10km / 短距离,,,,,已结束,,营口·鲅鱼圈马拉松
,40000,甘肃,,,2024-05-26 14:04,,,,,,兰州市人民政府,,A1 / 金标 / AIMS,全程 / 半程 / 短距离,,北京中迹体育管理有限公司,,,已结束,,兰州马拉松
,7000,甘肃,,,2024-06-10 14:05,,,,,,嘉峪关市人民政府,,A2,全程 / 半程 / 短距离,,甘肃行者体育管理有限公司,,,已结束,,嘉峪关长城马拉松
,10000,河南,,,2024-04-21 09:46,,,,,,安阳市人民政府,,A1,全程 / 半程 / 短距离,,河南世纪中原体育文化有限公司,,,已结束,,安阳马拉松赛
,5000,广西,,,2024-04-21 09:46,,,,,,贺州市人民政府,,A1,全程 / 半程 / 短距离,,中奥智胜（北京）体育发展有限公司,,,已结束,,黄姚古镇马拉松
,4800,宁夏,,,2024-04-21 09:46,,,,,,宁夏回族自治区体育局,,B类,半程 / 短距离,,,,,已结束,,宁夏贺兰山东麓葡萄酒产区半程马拉松路跑双季赛（花季赛）