分项规模,报名费,创建人,创建时间,官网,状态,省份,赛事等级,主办单位,报名开启时间,官方邮箱,奖牌,微信公众号,联系电话,开赛日期,最后编辑人,比赛项目,抽签,出签日期,运营单位,总规模,起点,最后编辑时间,赛事名称,比赛路线,报名截止时间
5000/5000,120/50,,,,已结束,河南,B类,河南省田径协会 / 汤阴县人民政府,2024-08-16 10:00,,,汤阴马拉松,,2024-10-20 00:00,,半程 / 短距离,❌,,河南世纪中原体育文化有限公司,10000,乾坤大道与文王路交叉口,,汤阴半程马拉松赛,,2024-09-30 10:00
9000/6000,,,,,已结束,贵州,B类,贵州省体育局 / 遵义市人民政府,2024-09-02 08:00,,,,,2024-10-20 13:21,,半程 / 短距离,❌,,济南路跑文化传播有限公司,15000,,,遵义新蒲半程马拉松,,2024-09-30 08:00
1000/1500/3000,120/80/60,,,https://www.badongmarathon.com,已结束,湖北,A1,湖北省体育局 / 恩施土家族苗族自治州人民政府,2024-07-26 13:14,badongmarathon@126.com,https://docimg6.docs.qq.com/image/AgAACG-qqCGpvd-H7EJMfphfcTVWGseT.jpeg?w=1080&h=773,巴东马拉松,13477839825,2024-08-25 17:59,,半程 / 中距离 / 短距离,❌,,路越（上海）体育发展有限公司,5500,巴东县野三关镇人民政府,,巴东野三关半程马拉松,https://docimg8.docs.qq.com/image/AgAACG-qqCGFC3xS9j9LaIzBj_CARfuU.jpeg?w=1019&h=1528,2024-08-10 17:20
10000/2000,120/60,,,,已结束,山西,B类,临汾市人民政府,2024-07-19 10:00,linfenbanma@163.com,https://docimg7.docs.qq.com/image/AgAACG-qqCHj-ZvAN2pPjom98nDSwtbO.png?w=1080&h=913,隆景体育,4008014600,2024-10-13 00:00,,半程 / 短距离,❌,,山西隆景体育有限公司,12000,九州公园-九州广场,,临汾半程马拉松,,2024-09-01 17:00
2000/5000/3000,150/100/50,,,https://www.world550.com,已结束,吉林,B类,前郭尔罗斯蒙古族自治县人民政府 / 吉林前郭查干湖旅游经济开发区管委会,2024-07-08 10:00,550huiyuanbu@china550.org,,550体育,17821357388,2024-09-22 10:06,,全程 / 半程 / 短距离,❌,,戈友文化传媒（上海）有限公司,10000,查干湖景区,,查干湖环湖马拉松,,2024-07-11 11:30
2000/3000/5000,,,,,已结束,山东,A1,枣庄市人民政府,2024-08-15 10:00,,,2024枣庄马拉松,,2024-10-20 09:30,,全程 / 半程 / 短距离,❌,,路越（上海）体育发展有限公司,10000,,,枣庄马拉松,,2024-09-30 18:00
10000/4000,150/60,,,https://web.irunner.mobi/frontend/index.html#/template1/home/665ecea02482c,已结束,浙江,B类,桐庐县人民政府,2024-06-06 10:00,tonglumls123@163.com,,午马体育,18058756033,2024-10-27 13:30,,半程 / 短距离,❌,,浙江午马精英体育发展有限公司,14000,桐庐中心广场,,桐庐半程马拉松,,2024-09-06 12:00
2000/500/2500,150/100/60,,,,已结束,西藏,A1,拉萨市人民政府,2024-06-24 12:00,,"https://docimg9.docs.qq.com/image/AgAACG-qqCGh0KoX7M9GWI_jRNlIySU1.png?w=1080&h=620, https://docimg10.docs.qq.com/image/AgAACG-qqCH8UPgd9AFJQqWApDffKIC2.png?w=1077&h=617, https://docimg1.docs.qq.com/image/AgAACG-qqCGLYXg3QJxBhbtdJDv2PUYo.png?w=1077&h=617, https://docimg1.docs.qq.com/image/AgAACG-qqCGx_AHm_rJE_ZtjxVmaBtB-.png?w=1710&h=1155",拉萨市体育局、中体大健康,18089012125,2024-08-17 16:20,,半程 / 10km / 短距离,❌,,成都中体大健康体育文化传播有限公司,5000,西藏自治区会展中心,,拉萨半程马拉松,https://docimg1.docs.qq.com/image/AgAACG-qqCFEYSsvXnZFIYEU4FL0ukz0.jpeg?w=2237&h=1280,2024-07-05 14:30
3500/4500,120/60,,,,已结束,江苏,A1,兴化市人民政府,2024-08-08 10:00,xinghuamarathon@126.com,,江苏兴化马拉松,18952641336,2024-10-27 13:46,,半程 / 短距离,❌,,江苏飞睿体育文化发展有限公司,8000,荡南路与长安北路交叉口,,兴化半程马拉松,,2024-09-30 23:59
2000/3000/5000,150/120/50,,,https://www.panjinmarathon.cn,已结束,辽宁,A1,辽宁省体育局 / 盘锦市人民政府,2024-08-10 10:00,panjinmls@126.com,,盘锦红马,18642752101,2024-09-22 10:04,,全程 / 半程 / 短距离,✔️,2024-09-02 10:18,,10000,卧龙湖码头,,盘锦红海滩马拉松,,2024-08-25 18:00
1000/1500/500,160/120/100,,,,已结束,河北,A1,康保县人民政府 / 怀来县人民政府,2024-07-16 10:00,info@chinazazs.com,https://docimg1.docs.qq.com/image/AgAACG-qqCG1UtZO6l1KOq6eMXHWzuIC.jpeg?w=1280&h=947,奥盈体育,13071117160,2024-08-25 17:59,,全程 / 半程 / 短距离,❌,,中奥智胜（北京）体育发展有限公司,3000,文化广场,,康保马拉松,https://docimg1.docs.qq.com/image/AgAACG-qqCGJhJJOSA5AA6lk1yKWqNvh.png?w=1080&h=840,2024-08-06 23:59
3500,HK350/200(青老年05-08，60+）,,,https://hkaaa.com/tc/comp_details.php?id=245,已结束,香港,HKAAA,中国香港田径总会,2024-06-25 14:00,events@hkaaa.com,,,,2024-09-29 14:10,,10km,❌,,,3500,天影路,,香港十公里錦標賽,,2024-08-30 23:59
5000/10000/5000,150/120/60,,,https://www.tangshan-marathon.com,已结束,河北,A1,河北省体育局 / 唐山市人民政府,2024-08-01 10:00,tangshanmarathon@126.com,,唐山马拉松,0315-2177100,2024-10-27 13:29,,全程 / 半程 / 短距离,✔️,2024-08-30 16:07,唐山瑞跑体育文化传播有限公司,20000,唐山抗震纪念碑广场,,唐山马拉松,,2024-08-20 10:00
7000/15000/8000,180/150/80,,,http://www.changchunmarathon.com,已结束,吉林,A1,长春市人民政府 / 吉林省体育局,2024-07-05 10:00,ccmarathon@126.com,"https://docimg10.docs.qq.com/image/AgAACG-qqCEhsfWclZFKFqEJXR3W4mGO.jpeg?w=1080&h=629, https://docimg8.docs.qq.com/image/AgAACG-qqCGHk4sZEXpHSZusZqjThiBX.jpeg?w=1080&h=629",长春马拉松,0431-88655081,2024-09-01 16:38,,全程 / 半程 / 短距离,✔️,2024-07-26 16:53,厦门文广体育有限公司,30000,长春体育中心,,长春马拉松赛,https://docimg5.docs.qq.com/image/AgAACG-qqCFMcah5CzxNpKnfoLiMUytG.jpeg?w=2000&h=1383,2024-07-21 18:00
2000/4000/4000,150/100/0,,,http://jssh.xempower.cn/,已结束,江苏,B类,泗洪县人民政府,2024-08-05 10:00,sh-marathon@xempower.com.cn,,"泗洪马拉松,爱泗洪",13057620234,2024-10-27 13:10,,全程 / 半程 / 短距离,✔️,2024-09-23 09:57,南京魔盒信息科技有限公司,10000,泗洪城南公园,,泗洪马拉松,https://docimg9.docs.qq.com/image/AgAACG-qqCHc69Bae0BBfI-jxdtQghb5.jpeg?w=820&h=1280,2024-09-02 18:00
3000/3000/4000,120/100/80,,,https://www.huajiansaishi.com,已结束,山西,B类,长治市人民政府,2024-07-03 10:00,,,华舰赛事,0351-6933111,2024-09-08 17:11,,全程 / 半程 / 短距离,❌,,华舰体育赛事发展（山西）有限公司,10000,漳泽湖国家城市湿地公园,,长治环漳泽湖马拉松赛,,2024-07-31 17:00
1000/1500/1000,150/120/80,,,https://ts.xcmsports.com,已结束,新疆,B类,吉木萨尔县人民政府,2024-07-10 10:30,tianshanmarathon@163.com,"https://docimg2.docs.qq.com/image/AgAACG-qqCFuyd5X_mJFkrjRe1bLAoTF.webp?w=1080&h=849, https://docimg5.docs.qq.com/image/AgAACG-qqCGICfRM0o1BFom7BpV2Wk3y.webp?w=1080&h=849, https://docimg10.docs.qq.com/image/AgAACG-qqCH8zWlr69JE46QswA8EFwqP.webp?w=1080&h=848",吉木萨尔天山马拉松,0994-6955888,2024-08-25 23:32,,全程 / 半程 / 短距离,❌,,,4000,北庭园,,吉木萨尔天山马拉松,https://docimg3.docs.qq.com/image/AgAACG-qqCHUGj843O5GEbciFV-bk-mR.jpeg?w=1280&h=1810,2024-08-03 18:00
4500/5500,130/60,,,https://suizhou.sport-china.cn/,已结束,湖北,A1,湖北省体育局 / 随州市人民政府,2024-07-26 14:00,suizhou@gustomail.cn,,第一赛道、随州半程马拉松,,2024-10-06 15:48,,半程 / 短距离,✔️,2024-09-06 15:51,广东新中体育集团有限公司,10000,湖北随州博物馆,,随州半程马拉松赛,,2024-08-31 18:00
2000/5000/3000,120/100/80,,,https://www.klmymls.com,已结束,新疆,B类,克拉玛依市人民政府,2024-07-24 10:00,2658719366@qq.com,,克拉玛依马拉松,18152907626,2024-09-16 15:06,,全程 / 半程 / 短距离,❌,,河南世纪中原体育文化有限公司,10000,克拉玛依市体育馆,,克拉玛依马拉松赛,,2024-08-20 18:00
10000/12000/8000,200/150/100,,,https://hrb-marathon.chinaath.com,已结束,黑龙江,A1 / 精英 / AIMS,黑龙江省体育局 / 哈尔滨市人民政府,2024-07-04 10:00,hrbmlsbm@163.com,https://docimg6.docs.qq.com/image/AgAACG-qqCHxt9vjUy9IC5aQQ7ffvXqL.jpeg?w=1080&h=718,哈尔滨国际马拉松,0451-51021454,2024-08-25 00:00,,全程 / 半程 / 短距离,✔️,2024-07-20 00:00,哈尔滨城投体育发展有限公司,30000,音乐长廊,,哈尔滨马拉松,https://docimg7.docs.qq.com/image/AgAACG-qqCH3W3bLjYZHV6eiXbeWXZGx.png?w=1080&h=1620,2024-07-10 23:59
12000/13000/5000,200/180/80,,,"https://www.marathonchangsha.com",已结束,湖南,A1 / 金标 / AIMS,湖南省体育局 / 长沙市人民政府,2024-07-23 15:00,csmarathon@126.com,https://docimg1.docs.qq.com/image/AgAACG-qqCHcq084YBRIsoibErIYPNlK.jpeg?w=1280&h=719,长沙马拉松,0731-85860310,2024-10-20 23:19,,全程 / 半程 / 短距离,✔️,2024-08-20 10:06,长沙体育产业经营有限公司,30000,,,长沙马拉松,,2024-07-28 17:00
3000/2000,120/50,,,https://ylhmls.xempower.cn,已结束,新疆,A1,伊宁市人民政府,2024-07-16 10:00,ylh-marathon@xempower.com.cn,,伊犁河马拉松,18551797805,2024-09-16 15:11,,半程 / 短距离,✔️,2024-08-09 15:11,南京善跑体育科技有限公司,5000,七彩广场,,伊犁河半程马拉松,,2024-08-04 18:00
3000/8000/1000,120/60/30,,,https://www.sfmls.saihuitong.com,已结束,云南,A1,云南省体育局 / 昭通市人民政府,2024-07-20 18:00,429718308@qq.com,,水富教体之窗、金江水马,0870-8638218,2024-09-28 14:56,,半程 / 中距离 / 短距离,✔️,2024-09-07 10:36,云南行知探索体育文旅产业有限公司,12000,北大门公园,,水富半程马拉松赛,,2024-08-31 23:59
5000/7000,100/30,,,,已结束,山东,B类,滨州市人民政府,2024-08-06 14:00,gxinwenti@163.com,,山东国信文体,15726189652,2024-10-13 09:34,,半程 / 短距离,❌,,山东国信文体科技股份有限公司,12000,黄河三角洲农产品交易服务中心,,滨州半程马拉松,,2024-09-15 17:00
,,,,,已结束,北京,B类,北京市公安局工会,,,,,,2024-10-18 00:00,,全程 / 半程 / 中距离 / 短距离,,,,2500,温榆河公园,,北京警察马拉松,,
4000/4000,120/50,,,,已结束,湖北,B类,宜都市人民政府,2024-08-15 15:00,yidumarathon@163.com,,宜都半程马拉松,13260675696,2024-10-20 10:36,,半程 / 短距离,❌,,武汉锋尙体育发展有限公司 / 深圳博润体育文化有限公司,8000,宜都市体育场,,宜都半程马拉松,,2024-09-15 23:59
12000/18000,180/150,,,https://www.dlmls.org/,已结束,辽宁,A1 / AIMS,辽宁省体育局 / 大连市人民政府,2024-08-23 10:00,,,大连马拉松赛,,2024-10-20 13:16,,全程 / 半程,✔️,2024-09-06 15:58,华润文化体育发展有限公司 / 大连体育产业集团有限公司,30000,港浦路与珠荷街交叉口,,大连马拉松赛,,2024-08-30 15:00
4000/2000/2000,150/100/80,,,https://hirunsport.cn,已结束,浙江,B类,杭州市临安区人民政府,2024-08-20 10:00,hirunkefu@163.com,,嗨跑体育,18248484836,2024-10-20 13:15,,半程 / 中距离 / 短距离,✔️,2024-09-03 09:41,杭州嗨跑体育管理有限公司 / 杭州文化广播电视集团,8000,临安人民广场,,杭州临安半程马拉松,,2024-08-30 18:00
2000/5000/6000,150/120/60,,,http://nxhhjamarathon.spoorts.cn/,已结束,宁夏,A1,宁夏回族自治区体育局 / 吴忠市人民政府,2024-07-04 20:00,,,宁夏黄河金岸吴忠马拉松,0593-2128953,2024-09-08 15:16,,全程 / 半程 / 短距离,❌,,北京中迹体育管理有限公司,13000,盛元广场,,宁夏黄河金岸（吴忠）马拉松,,2024-07-05 16:00
3000/6000/6000,160/160/80,,,https://yulin42195.com,已结束,陕西,A1,陕西省体育局 / 榆林市人民政府,2024-06-19 10:00,kefu@ihuipao.com,,汇跑赛事、榆林马拉松,400-99-42195,2024-09-16 16:41,,全程 / 半程 / 短距离,✔️,2024-07-25 14:55,无锡汇跑体育有限公司,15000,世纪广场,,榆林马拉松,,2024-07-19 17:00
6000/9000/20000,,,,,已结束,山东,A1 / 金标 / AIMS,山东省体育局 / 东营市人民政府,2024-07-15 10:00,,,,,2024-10-20 23:20,,全程 / 半程 / 短距离,❌,,,35000,,,黄河口（东营）马拉松,,2024-07-30 17:00
7000,100,,,https://www.shang-ma.com,已结束,上海,A1 / 金标,上海市普陀区人民政府 / 东浩兰生（集团）有限公司 / 上海市体育总会,2024-09-10 15:00,general@shmarathon.com,,上马,,2024-10-27 23:24,,10km,✔️,2024-09-20 15:03,上海东浩兰生赛事管理有限公司,7000,,,上海10公里精英赛,,2024-09-13 15:00
1500/2000/1500,160/120/100,,,,已结束,河北,A1,怀来县人民政府,2024-08-01 10:00,,,奥盈体育,13071117160,2024-09-08 09:54,,全程 / 半程 / 短距离,❌,,中奥智胜（北京）体育发展有限公司,7000,官厅水库国家湿地公园,,官厅湖马拉松,,2024-08-19 23:59
4000/2000,120/60,,,,已结束,天津,A1,天津市静海区人民政府 / 天津市体育局,2024-06-06 10:00,tuanbohuzhichun@163.com,,团泊湖马拉松官方号,13132082922,2024-09-22 17:45,,半程 / 短距离,❌,,北京初美体育文化发展有限公司,6000,天津国际网球中心,,天津团泊湖半程马拉松,,2024-07-06 17:00
3000/7000,98/38,,,,已结束,贵州,B类,贵州省体育局 / 中国移动通信集团工会 / 黔西南州人民政府 / 中国移动通信集团贵州分公司,2024-08-15 14:00,WanfenglinMalasong@163.com,,万峰林马拉松,15338697179,2024-10-19 16:31,,半程 / 短距离,❌,,,10000,,,贵州移动万峰林半程马拉松邀请赛,,2024-09-30 18:00
2000/3000/5000,120/100/50,,,,已结束,江西,A1,江西省体育局 / 吉安市人民政府,2024-08-16 10:00,jgsmls@126.com,,井冈山马拉松、中赛体育Sports,0796-2083369,2024-10-13 16:06,,全程 / 半程 / 短距离,❌,,深圳中赛体育产业发展有限公司,10000,井冈山市人民政府,,井冈山马拉松,,2024-09-20 10:00
5000/10000/5000,180/140/80,,,http://www.yt42195.com,已结束,山东,B类,烟台市人民政府 / 烟台市体育局,2024-06-13 09:00,,,永辉体育,0535-6936633,2024-10-20 14:28,,全程 / 半程 / 短距离,❌,,烟台永辉体育发展有限公司,20000,烟台滨海广场,,烟台马拉松,,2024-07-26 23:59
2500/4500/3000,180/140/80,,,http://www.yt42195.com,已结束,山东,B类,海阳市人民政府 / 烟台市体育局,2024-06-07 12:00,,https://docimg1.docs.qq.com/image/AgAACG-qqCE3B1PyItpJbaIkzg5f7pnN.png?w=1080&h=8217,永辉体育,0535-6936633,2024-09-22 14:36,,全程 / 半程 / 短距离,❌,,烟台永辉体育发展有限公司,10000,海阳凤凰广场,,海阳马拉松,https://docimg3.docs.qq.com/image/AgAACG-qqCFs_ASVGVNECp7krEYCmiS6.png?w=1080&h=885,2024-08-15 23:59
4000/6500/4500,150/120/30,,,,已结束,辽宁,A1,辽宁省体育局 / 丹东市人民政府,2024-08-05 10:00,3383641650@qq.com,,丹东文旅之声,0415-2211056,2024-09-22 09:16,,全程 / 半程 / 短距离,❌,,,15000,丹东市第十三中学,,丹东鸭绿江马拉松,https://docimg6.docs.qq.com/image/AgAACG-qqCEDisoQHTxE3bjxdGL3dAJp.jpeg?w=1080&h=1709,2024-08-31 10:00
10000,200,,,https://www.haidian-marathon.com,已结束,北京,A1,北京市体育局 / 北京市海淀区人民政府,2024-08-15 10:00,haidianmarathon@163.com,,海淀马拉松,18511942195,2024-10-27 11:21,,全程,✔️,2024-09-20 14:41,北京中锐体育产业有限公司,10000,中关村壹号,,海淀马拉松,,2024-08-30 17:00
1600/8400,100/60,,,https://jinchangmarathon.cn,已结束,甘肃,A2,金昌市人民政府,2024-07-13 11:00,,,金昌半程马拉松,0931-8100300,2024-09-16 11:08,,半程 / 短距离,❌,,甘肃行者体育管理有限公司,10000,人民文化广场,,金昌半程马拉松,,2024-08-23 18:00
7000,150,,,http://lushanmarathon.umaysports.cn/,已结束,江西,A1,九江市人民政府,2024-08-09 12:00,lushanmarathon@163.com,,庐山半程马拉松赛,19905197127,2024-10-20 13:10,,半程,✔️,2024-09-06 09:36,江苏有迈体育发展股份有限公司,7000,庐山牯岭街心公园,,庐山半程马拉松,,2024-08-31 22:00
5000/5000,120/50,,,,已结束,贵州,A1,贵州省体育局 / 毕节市人民政府,2024-07-03 14:00,weining@gustomail.cn,https://docimg5.docs.qq.com/image/AgAACG-qqCEb--HJamVKS7qB2KKSMA6A.png?w=2940&h=2250,第一赛道、威宁半程马拉松,,2024-08-11 17:58,,半程 / 短距离,❌,,广东新中体育集团有限公司,10000,乌撒广场,,威宁半程马拉松,https://docimg5.docs.qq.com/image/AgAACG-qqCHRfweYH4hAiLEQIqW8lh8A.png?w=1080&h=856,2024-07-26 18:00
10000/5000,150/100,,,http://kunming-marathon.com/,已结束,云南,标牌,云南省体育局 / 昆明市人民政府,2024-08-12 10:00,kmbcmls@163.com,,昆明高原国际半程马拉松赛、有迈路跑,19905197127,2024-09-22 00:00,,半程 / 短距离,✔️,2024-08-28 16:36,江苏有迈体育发展股份有限公司,15000,拓东体育场,,昆明半程马拉松,,2024-08-23 23:59
4000/2000,100/50,,,https://www.orient-winning.com/,已结束,陕西,A1,陕西省体育局 / 延安市人民政府,2024-07-25 10:00,nanniwanmarathon@163.com,,威赢赛事,19992913375,2024-09-22 17:31,,半程 / 短距离,✔️,2024-08-10 00:08,威赢赛事运营有限公司,6000,南泥湾党徽广场,,南泥湾半程马拉松,,2024-08-05 12:00
17000/8000/5000,200/150/100,,,https://www.tianjin-marathon.com,已结束,天津,B类,天津市人民政府,2024-08-26 10:00,oc@tianjin-marathon.com,,天津马拉松,13146921229,2024-10-20 17:33,,全程 / 半程 / 短距离,✔️,2024-09-08 09:05,中奥路跑(北京)体育管理有限公司,30000,天津大礼堂,,天津马拉松,,2024-09-02 10:00
5000/5000,120/30,,,http://www.sjzwomens-marathon.com,已结束,河北,A1,石家庄市人民政府,2024-08-19 10:00,sjzwomens_marathon@163.com,,野人体育,0311-87710266,2024-10-27 09:54,,半程 / 短距离,✔️,2024-09-14 10:32,河北野人体育文化发展有限公司,10000,正定古城,,石家庄女子半程马拉松赛,,2024-09-06 17:00
7000/10000/5000/10000,198/148/80/60,,,http://liupanshui.sites.irunner.mobi/,已结束,贵州,A1 / 精英,六盘水市人民政府 / 贵州省体育局,2024-05-24 15:00,gzlpsmb@163.com,https://docimg3.docs.qq.com/image/AgAACG-qqCFv0frLI1hNQZCBB2-pptm3.png?w=968&h=717,凉都六盘水马拉松,0858-8221131,2024-08-04 17:06,,全程 / 半程 / 中距离 / 短距离,✔️,2024-06-12 10:23,,32000,人民广场,,六盘水马拉松,https://docimg5.docs.qq.com/image/AgAACG-qqCHcITucqAdOJ5iMsACyUSUm.jpeg?w=12288&h=8299.020137649759,2024-06-03 18:00
4000/6000,120/60,,,https://bojiesports.com,已结束,云南,A1,云南省体育局 / 大理白族自治州人民政府,2024-07-15 10:00,xiaohetangshui2023@163.com,,博捷体育,13529388388,2024-09-22 11:22,,半程 / 短距离,❌,,云南博捷体育赛事策划有限公司,10000,好来世纪,,大理小河淌水半程马拉松,,2024-08-15 22:00
3000/6000,180/120,,,,已结束,北京,A1,北京市体育局 / 北京市怀柔区人民政府,2024-08-08 08:08,,,怀柔长城马拉松,,2024-09-22 13:46,,全程 / 半程,✔️,2024-08-24 11:30,,9000,北京雁栖湖国际会展中心,,怀柔长城马拉松,,2024-08-29 23:59
8000/4000,150/80,,,https://www.xining-marathon.com,已结束,青海,B类,西宁市人民政府 / 西宁市城西区人民政府,2024-06-17 10:00,relay@42195.com,"https://docimg6.docs.qq.com/image/AgAACG-qqCGlFUCTZ1ZKypHXxZXRv8-N.webp?w=1280&h=4357, https://docimg7.docs.qq.com/image/AgAACG-qqCH9o_UI2FNMTayUCpmI7yRi.webp?w=1280&h=2998",2024年西宁半程马拉松,028-83419663,2024-08-25 18:00,,半程 / 短距离,❌,,成都双遗体育产业发展有限公司,12000,青海体育中心,,西宁半程马拉松,https://docimg9.docs.qq.com/image/AgAACG-qqCERmg4b-FpBpY6C45o_7bTe.png?w=12288&h=4582.165932949543,2024-07-31 17:00
13000/16000/11000,180/150/60,,,http://www.tymarathon.com/,已结束,山西,A1 / 金标,山西省体育局 / 太原市人民政府,2024-07-29 10:00,taimabaoming@163.com,,太原马拉松,18835194219,2024-09-22 23:15,,全程 / 半程 / 短距离,✔️,2024-08-23 10:11,开承体育文化产业（重庆）有限公司,40000,太原火车站,,太原马拉松赛,,2024-08-16 23:59
3000/6000/6000,150/120/60,,,https://wf.xcmsports.com,已结束,山东,A1,潍坊市人民政府 / 潍坊峡山生态经济开发区管理委员会,2024-08-28 15:00,wfmalasong@163.com,,文广体育赛事,0536-2998639,2024-10-20 15:15,,全程 / 半程 / 短距离,❌,,山东广播电视台 / 厦门文广体育有限公司 / 潍坊市广播电视台,15000,人民广场,,潍坊马拉松,,2024-09-05 18:00
7000/9000,150/120,,,https://www.symarathon.com,已结束,辽宁,A1 / 精英,辽宁省体育局 / 沈阳市人民政府,2024-07-18 10:00,sy_marathon@163.com,,2024沈阳马拉松,18202420743,2024-09-16 00:00,,全程 / 半程,✔️,2024-08-08 18:50,北京中锐体育产业有限公司,16000,沈阳奥林匹克体育中心,,沈阳马拉松,,2024-08-01 17:00
500/600/900,120/100/60,,,,已结束,新疆,B类,沙雅县人民政府,2024-09-28 10:00,,,沙雅胡杨马拉松,13239830421,2024-10-20 00:00,,全程 / 半程 / 短距离,❌,,,2000,塔里木河湿地旅游景区·原始胡杨林生态文化景区,,沙雅马拉松,,2024-10-04 00:00
10000/10000,150/50,,,http://www.hengshuilakemarathon.com/,已结束,河北,A1 / 金标 / AIMS,河北省体育局 / 衡水市人民政府,2024-07-20 10:00,hsmarathon@163.com,,衡水湖马拉松赛,0318-8883194,2024-09-22 22:51,,全程 / 短距离,✔️,2024-08-20 16:21,北京中迹体育管理有限公司 / 衡水市祥云体育文化传播有限公司,20000,衡水湖·马拉松广场,,衡水湖马拉松赛,,2024-07-25 18:00
3000/10000/7000,150/100/60,,,,已结束,江苏,A1,江苏省体育局 / 中共江苏省委宣传部 / 泰州市人民政府,2024-08-12 10:00,tz-marathon@xempower.com.cn,,泰州马拉松,025-87775902,2024-10-20 16:48,,全程 / 半程 / 短距离,✔️,2024-09-20 10:27,南京善跑体育科技有限公司,20000,泰州体育公园,,泰州马拉松,,2024-09-08 18:00
5000/3000,100/50,,,,已结束,天津,A1,天津市体育局 / 天津市宁河区人民政府,2024-07-16 14:00,qlhmls@163.com,,宁河七里海马拉松,18661635367,2024-09-16 10:58,,半程 / 短距离,❌,,山东文旅传媒集团有限公司,8000,七里海大道,,天津宁河七里海半程马拉松,,2024-07-31 17:00
4000/4000,100/60,,,http://lanzhouxinqumarathon.com,已结束,甘肃,A1,兰州新区管理委员会,2024-07-25 10:00,xqbcmls@163.com,https://docimg1.docs.qq.com/image/AgAACG-qqCFnkOAn1WlC-5zOpU5nfBF8.jpeg?w=1080&h=538,兰州新区半程马拉松,0931-8100500,2024-09-01 23:13,,半程 / 短距离,❌,,甘肃行者体育管理有限公司,8000,栖霞湖,,兰州新区半程马拉松,https://docimg8.docs.qq.com/image/AgAACG-qqCFWkXq1CWlC2ZwKiP915zlt.jpeg?w=3437&h=2551,2024-08-07 00:00
3000/7000,120/60,,,,已结束,贵州,B类,贵州省体育局 / 黔西南州人民政府,2024-07-03 14:00,WanfenglinMalasong@163.com,,万峰林马拉松,0859-3374058,2024-09-01 23:33,,半程 / 短距离,✔️,2024-08-06 17:00,,10000,阳光谷旅游度假区,,万峰林半程马拉松,,2024-08-01 18:00
2000/5000/3000,200/150/80,,,,已结束,云南,A1,云南省体育局 / 玉溪市人民政府,2024-07-15 10:00,kunyushuangcheng@163.com,,博捷体育,17783954572,2024-10-05 15:22,,全程 / 半程 / 短距离,✔️,2024-09-01 15:24,四川博捷体育文化传播有限公司,10000,聂耳音乐广场,,玉溪马拉松,,2024-08-20 22:00
6000/4000,120/60,,,http://xinbeimarathon.umaysports.cn/,已结束,江苏,A1,常州市新北区人民政府 / 常州市体育局,2024-09-10 10:00,xinbeimarathon@163.com,,新北半程马拉松、有迈路跑,19905197127,2024-11-17 13:23,,半程 / 短距离,❌,,江苏有迈体育发展股份有限公司,10000,新龙生态林核心区,,常州新北半程马拉松,,2024-10-31 23:59
,,,,,已结束,安徽,A1,蚌埠市人民政府 / 安徽省体育局,2024-07-17 10:00,,,,,2024-11-03 13:33,,全程 / 半程 / 短距离,❌,,安徽波动体育文化科技有限公司,14000,,,蚌埠马拉松,,2024-08-31 10:00
4000/8000/8000,150/120/30,,,,已结束,湖北,A1,湖北省体育局 / 孝感市人民政府,2024-08-13 15:00,xgmarathon@163.com,,孝感马拉松,13044802661,2024-10-27 14:04,,全程 / 半程 / 短距离,✔️,2024-09-20 09:58,广州博润体育科技有限公司,20000,孝感市文化中心,,孝感马拉松,,2024-09-13 10:00
5500/3000/5000,100/80/50,,,,已结束,安徽,A1,铜陵市人民政府 / 安徽省体育局,2024-07-16 09:18,tonglingmarathon@163.com,,铜陵马拉松、铜陵半程马拉松,0562-5852589,2024-11-17 13:47,,半程 / 10km / 短距离,❌,,安徽联泰传媒有限公司,13500,铜陵市体育中心,,铜陵半程马拉松,,2024-10-15 15:00
12000,140,,,https://bjtz-halfmarathon.xempower.cn,已结束,北京,标牌,北京市体育局 / 北京市通州区人民政府 / 北京市国有资产经营有限责任公司,2024-10-10 16:00,bjmsc@beiao.com,https://docimg9.docs.qq.com/image/AgAACG-qqCF0a97nxSpAJa3Fwd14shPn.jpeg?w=1280&h=788,北京通州运河半程马拉松,010-69559928,2024-11-10 14:05,,半程,✔️,2024-10-24 10:55,,12000,紫运西路,,北京通州运河半程马拉松,https://docimg2.docs.qq.com/image/AgAACG-qqCGYu0OEkLRG4ZIgdA29i-z_.jpeg?w=1280&h=967,2024-10-17 20:00
6000/1000/3000,120/80/60,,,,已结束,江苏,A1,江阴市人民政府,2024-08-17 10:00,1472901668@qq.com,,,18915389021,2024-11-10 00:28,,半程 / 10km / 短距离,✔️,2024-09-20 00:31,江阴市澄和体育产业发展有限公司,10000,新郁西路,,江阴新桥镇半程马拉松,,2024-09-10 15:00
18000/8000,80/50,,,,已结束,安徽,A1,安徽省体育局 / 阜阳市人民政府,2024-08-23 10:00,,,阜阳旅游,,2024-11-10 16:13,,10km / 短距离,❌,,安徽波动马拉松赛事运营管理有限公司,26000,霞光大道,,中国田径协会10公里精英赛 （阜阳站）,,2024-09-20 15:00
3000/7000/6000/6000,160/130/90,,,https://www.yichangmarathon.com,已结束,湖北,A1 / 标牌,湖北省体育局 / 宜昌市人民政府,2024-08-28 15:30,yichangmarathon@luyuesport.com,,宜昌马拉松,18871757853,2024-11-03 13:32,,全程 / 半程 / 中距离 / 短距离,✔️,2024-09-30 13:43,路越（上海）体育发展有限公司,22000,镇江阁,,宜昌马拉松,,2024-09-28 18:00
3000/6000/6000,150/120/50,,,,已结束,安徽,A1,滁州市人民政府 / 安徽省体育局,2024-08-05 10:00,chuzhoumls@163.com,,滁州马拉松,13083143929,2024-11-17 13:12,,全程 / 半程 / 短距离,✔️,2024-09-23 09:56,,15000,滁州奥体中心,,滁州马拉松,,2024-09-15 10:00
2000/3000/5000,100/80/50,,,,已结束,山东,A1,菏泽市人民政府 / 东明县人民政府,2024-08-24 09:00,632374032@qq.com,,速豹体育,15662748418,2024-11-03 10:05,,全程 / 半程 / 短距离,❌,,四川中奥致远体育文化传播有限公司,10000,体育公园,,菏泽东明马拉松,,2024-09-23 17:00
1500/2000/2500,80/60/50,,,,已结束,兵团,B类,新疆生产建设兵团第二师铁门关市,2024-09-05 11:00,19390788756@163.com,,铁门关马拉松,19390788756,2024-10-27 11:10,,半程 / 中距离 / 短距离,✔️,2024-10-06 09:27,深圳中赛体育产业发展有限公司,6000,铁门关城楼广场,,铁门关半程马拉松,,2024-09-30 17:00
8000/12000/15000,150/100/50,,,,已结束,山东,A1,山东省体育局 / 临沂市人民政府,2024-08-12 11:00,,,2024临沂马拉松,,2024-11-03 13:35,,全程 / 半程 / 短距离,❌,,山东国信文体科技股份有限公司,35000,,,临沂马拉松,,2024-10-15 23:59
8000/4000,,,,,已结束,广东,A1,佛山市顺德区人民政府,2024-08-28 14:00,,,顺德半程马拉松,,2024-11-10 13:35,,半程 / 短距离,✔️,2024-10-10 09:59,广州博润体育科技有限公司,12000,,,顺德半程马拉松,,2024-09-17 22:00
9000/14000/5000,180/160/80,,,https://sxym.org.cn,已结束,浙江,A1 / 精英,绍兴市人民政府,2024-08-28 10:00,sxmarathon@163.com,,绍兴马拉松,0575-88588981,2024-11-10 17:17,,全程 / 半程 / 短距离,✔️,2024-09-28 09:14,绍兴越马体育文化传播有限公司 / 厦门文广体育有限公司,28000,绍兴市奥体中心,,绍兴马拉松,,2024-09-17 17:00
1500/2500/6000,200/120/50,,,,已结束,新疆,B类,喀什市人民政府 / 喀什地区体育局,2024-09-30 10:00,kashimarathon@163.com,,喀什马拉松,0998-2227227,2024-11-03 13:19,,全程 / 半程 / 短距离,❌,,,10000,喀什市人民广场,,喀什马拉松,"https://docimg4.docs.qq.com/image/AgAACG-qqCHrwpRhORhMY5FaLiRWktPu.jpeg?w=5968&h=5826, https://docimg9.docs.qq.com/image/AgAACG-qqCGBuphxOXBFgrfPpcXgHn4H.png?w=4968&h=4514, https://docimg9.docs.qq.com/image/AgAACG-qqCGs55KEJtVLdon29raMN6Gs.jpeg?w=9392&h=6101",2024-10-10 23:59
10000/5000/5000,120/80/60,,,,已结束,湖北,A1,湖北省体育局 / 黄冈市人民政府,2024-08-06 10:00,,,,,2024-11-03 13:32,,半程 / 中距离 / 短距离,✔️,2024-09-30 14:43,湖北互通有道体育科技有限公司,20000,,,黄冈半程马拉松,,2024-09-28 18:00
4000/6000/6500,NT1450/1300/1100,,,https://www.tianzhongmarathon.com/,已结束,台湾,AIMS,"彰化縣政府 / ""中華民國舒康樂活運動協會"" / 彰化縣馬拉松路跑協會",2024-06-15 12:00,520running@gmail.com,,,(886)04-8752565,2024-11-10 14:39,,全程 / 超半马 / 中距离,✔️,2024-06-17 14:43,,16500,,,台灣米倉田中馬拉松,,2024-06-15 23:59
6000/12000/12000,180/150/80,,,http://www.jinan-marathon.com/,已结束,山东,A1,山东省体育局 / 济南市人民政府,2024-09-10 10:00,jnmls@jinan-marathon.com,,济南马拉松,13205409262,2024-10-27 13:29,,全程 / 半程 / 短距离,✔️,2024-09-26 09:04,山东文旅传媒集团有限公司,30000,大明湖风景名胜区,,济南（泉城）马拉松,,2024-09-16 17:00
5000/8000/2000,200/200/50,,,,已结束,安徽,A1,安徽省体育局 / 黄山市人民政府,2024-08-13 10:00,,,黄山马拉松赛,,2024-11-10 13:07,,全程 / 半程 / 短距离,✔️,2024-09-02 09:58,,15000,黄山区轩文学校,,黄山马拉松,,2024-08-27 22:00
7000/5000/3000,100/80/50,,,,已结束,安徽,A1,安徽省体育局 / 马鞍山市人民政府,2024-08-22 15:00,,"https://docimg8.docs.qq.com/image/AgAACG-qqCFEYC8T9OZPZ5CwnC0MTZb9.jpeg?w=1080&h=608, https://docimg8.docs.qq.com/image/AgAACG-qqCGfFmefsytNMJpHIyeMHfTz.jpeg?w=1080&h=608, https://docimg8.docs.qq.com/image/AgAACG-qqCGYmmcSOIRCWZ2dw1FxVeGr.jpeg?w=1080&h=608",采石矶马拉松,,2024-11-03 13:25,,半程 / 10km / 短距离,✔️,2024-09-29 14:42,安徽悦野在途体育文化有限公司 / 亳州药都体育科技有限公司,15000,采石矶景区北广场,,马鞍山采石矶半程马拉松暨中国田径协会10公里精英赛（马鞍山站）,https://docimg1.docs.qq.com/image/AgAACG-qqCHqnQJhFBJDxrPUVnvbEb4e.jpeg?w=1080&h=1938,2024-09-20 23:59
24000/6000,200/100,,,https://nj-marathon.cn,已结束,江苏,A1 / 精英,南京市人民政府 / 江苏省体育局 / 中共江苏省委宣传部,2024-09-06 10:00,kefu@ihuipao.com,,南京马拉松,400-99-42195,2024-11-17 00:00,,全程 / 短距离,✔️,2024-09-25 09:54,无锡汇跑体育有限公司,30000,南京奥林匹克体育中心(东门),,南京马拉松,https://docimg8.docs.qq.com/image/AgAACG-qqCEX8kOWFgVNDpzIG75x44KC.jpeg?w=1280&h=2357,2024-09-13 17:00
3000/4000/5000,150/100/40,,,,已结束,湖南,A1,湖南省体育局 / 张家界市人民政府,2024-08-20 17:00,,,,13875890767,2024-11-03 15:23,,全程 / 半程 / 短距离,❌,,湖南御峰体育文化集团有限公司,12000,贺龙体育中心,,张家界马拉松,,2024-09-30 18:00
7000/6000/6000,150/100/80,,,,已结束,湖北,A1,湖北省体育局 / 武汉东湖技术开发区管委会,2024-08-23 10:00,apply@wuhanmarathon.org,https://docimg2.docs.qq.com/image/AgAACG-qqCFcGqf1YP1KEJeCCOwrWGX1.png?w=1080&h=608,光谷马拉松,,2024-11-17 23:22,,全程 / 半程 / 中距离,✔️,2024-09-19 10:16,武汉汉马体育管理有限公司,19000,华中科技大学,,光谷马拉松,https://docimg9.docs.qq.com/image/AgAACG-qqCHK31xj8uhF7pYvVRjjoTCV.png?w=1080&h=635,2024-08-30 10:00
4000/3000/3000,100/60/50,,,,已结束,安徽,B类,颍上县人民政府,2024-08-20 10:00,3653283159@qq.com,,颍上马拉松,18269943117,2024-11-17 00:00,,半程 / 中距离 / 短距离,❌,,,10000,城北广场,,颍上半程马拉松,,2024-09-20 10:00
7000/10000/8000,150/150/80,,,https://www.taimis.com,已结束,山东,A1,山东省体育局 / 泰安市人民政府,2024-08-16 10:00,taima365@163.com,https://docimg1.docs.qq.com/image/AgAACG-qqCH8Vy_3sD1I9JXlP4oX0zdS.jpeg?w=5385&h=4670,泰安马拉松,0531-88881000,2024-11-03 13:32,,全程 / 半程 / 短距离,❌,,百视文体（北京）有限公司,25000,泰山国际会展中心,,泰安马拉松,,2024-09-26 18:00
3000/5000/4000,160/130/70,,,https://chenzhou.sport-china.cn,已结束,湖南,A1,湖南省体育局 / 郴州市人民政府,2024-08-23 14:00,chenzhoumls@gustomail.cn,,第一赛道、郴州马拉松,,2024-11-10 16:31,,全程 / 半程 / 短距离,❌,,广东新中体育集团有限公司,12000,,,郴州马拉松,,2024-10-20 23:59
5000/5000,100/60,,,,已结束,陕西,B类,咸阳市体育局 / 中共泾阳县委 / 泾阳县人民政府,2024-09-25 10:00,,,中国泾阳,15771775303,2024-11-03 17:41,,半程 / 短距离,❌,,陕西康奥文化体育发展有限公司,10000,泾干湖公园,,泾阳郑国渠半程马拉松赛,,2024-09-26 23:59
10000/5000,150/100,,,https://www.xishanmls.com,已结束,江苏,A1,无锡市锡山区人民政府,2024-06-03 08:00,suaosports@163.com,,锡山宛山湖马拉松,0512-65722565,2024-11-10 13:38,,全程 / 短距离,✔️,2024-07-10 09:49,江苏宛马产业投资有限公司,15000,迎宾广场,,锡山宛山湖马拉松,,2024-06-28 17:00
4000/4000/2000,120/50/50,,,,已结束,湖北,B类,湖北省体育局 / 荆州市人民政府,2024-09-25 16:30,shishoumarathon@126.com,,石首文旅之声,19186256306,2024-11-17 13:05,,半程 / 中距离 / 短距离,❌,,江苏飞睿体育文化发展有限公司,10000,陈家湖公园,,湖北石首半程马拉松,,2024-10-30 17:20
10000/4000/6000,150/80/80,,,https://yiwumls.com,已结束,浙江,A1 / 标牌,义乌市人民政府 / 浙江省马拉松及路跑协会 ,2024-09-29 10:00,yiwumls@163.com,,义乌半程马拉松,17394673907,2024-11-17 17:17,,半程 / 中距离 / 短距离,❌,2024-11-02 09:18,浙江飞翔体育文化有限公司,20000,义乌市梅湖体育中心,,义乌半程马拉松,,2024-10-17 17:00
30000,200,,,Http://beijing-marathon.com,已结束,北京,A1 / 金标 / AIMS / CMM,中国田径协会 / 北京市体育局,2024-10-02 11:00,oc@beijing-marathon.com,https://docimg7.docs.qq.com/image/AgAACG-qqCFZhL2ikSVKIKqd8oqUAR0F.jpeg?w=2880&h=1600,北京马拉松,010-67167482,2024-11-03 23:22,,全程,✔️,2024-10-15 09:46,中奥路跑(北京)体育管理有限公司,30000,天安门广场,,北京马拉松,https://docimg8.docs.qq.com/image/AgAACG-qqCFdblEpBVdBaJkMSjuHDjGE.png?w=1080&h=1649,2024-10-05 11:00
12000/5000/3000,160/100/80,,,,已结束,江苏,A1 / 精英,中共江苏省委宣传部 / 江苏省体育局 / 常州市人民政府,2024-08-23 10:00,,,,,2024-11-02 23:17,,半程 / 10km / 短距离,✔️,2024-09-23 16:39,江苏有迈体育发展股份有限公司,20000,,,常州西太湖半程马拉松,,2024-09-17 23:59
8000/15000/7000,200/180/80,,,https://no1.suzhou-marathon.com,已结束,江苏,A1,苏州市吴中区人民政府,2024-08-08 10:00,marathon@huisports.com,https://docimg7.docs.qq.com/image/AgAACG-qqCFr2QWbvolMKJPzoVXO2MHA.jpeg?w=3945&h=4697,汇运动,0512-62600818,2024-11-17 13:49,,全程 / 半程 / 短距离,✔️,2024-09-30 10:52,苏州汇创体育文化发展有限公司,30000,苏州湾地下空间,,苏州“环太湖1号公路”马拉松,https://docimg9.docs.qq.com/image/AgAACG-qqCFmFSzcxOxC74DpNBnIgqcX.jpeg?w=1280&h=868,2024-09-24 15:00
4000/8000/4000,160/130/80,,,,已结束,福建,A1,福建省体育局 / 莆田市人民政府,2024-09-05 10:00,,,,,2024-11-17 13:25,,全程 / 半程 / 短距离,❌,,福建省广播影视文化传媒有限公司,16000,,,仙游马拉松,,2024-10-10 10:00
1500/3500/1000,150/100/50,,,https://anyuan.sport-china.cn,已结束,江西,A1,江西省体育局 / 赣州市人民政府 / 赣州市体育局 / 安远县人民政府,2024-08-20 14:00,aymarathon@sport-china.cn,,第一赛道、安远马拉松,,2024-11-03 14:21,,全程 / 半程 / 短距离,❌,,,6000,三百山国家风景名胜区游客集散中心,,安远马拉松赛,,
1000/3000/1000,NT1700/1500/1200,,,https://www.sunmoonlakemarathon.com,已结束,台湾,AIMS,,2024-01-15 10:00,sunmoonlakemarathon.service@gmail.com,,,(886)09-32339038,2024-10-27 10:49,,全程 / 超半马 / 短距离,❌,,,5000,,,日月潭環湖馬拉松,,2024-05-31 17:00
2000/2000,80/50,,,,已结束,广东,A1,中国田径协会 / 揭西县人民政府,2024-10-11 10:00,413614542@qq.com,,揭西发布、中国10公里精英赛,18312740080,2024-11-10 10:24,,10km / 短距离,❌,,汕头市先奥体育文化传播有限公司,4000,道江西路与湖坡二路交叉口,,中国田径协会10公里精英赛·揭西棉湖站,https://docimg4.docs.qq.com/image/AgAACG-qqCHoKdBiFMZEWJKA4oTEPScB.png?w=884&h=852,2024-10-16 20:00
3000/7000/5000/5000,120/100/60/50,,,,已结束,江西,A1,江西省体育局 / 新余市人民政府,2024-06-16 13:14,,,仙女湖马拉松,,2024-10-27 11:34,,全程 / 半程 / 中距离 / 短距离,❌,,安徽波动马拉松赛事运营管理有限公司,20000,新余市体育中心,,新余仙女湖马拉松,,2024-08-30 12:00
6000/12000/10000,180/160/60,,,,已结束,江苏,精英,徐州市人民政府,2024-10-12 10:00,,,,,2024-11-17 16:45,,全程 / 半程 / 短距离,✔️,,华体赛事（北京）体育管理有限公司,28000,城市阳台,,徐州马拉松,,2024-10-30 10:00
3000/7000/8000,120/100/50,,,https://www.hnzkmarathon.com,取消/推迟/熔断,河南,B类,中华慈善总会 / 河南省联合慈善总会 / 周口市人民政府,2024-08-22 10:00,hnzkmls@163.com,,周口马拉松赛,0394-8539796,2024-11-10 10:13,,全程 / 半程 / 短距离,❌,,河南路跑文化传媒有限公司,18000,周口市体育中心,,周口马拉松,,2024-10-20 23:59
20000/12000/4000,150/120/80,,,http://www.hzim.org,已结束,浙江,A1 / 金标 / AIMS,浙江省体育局 / 杭州市人民政府,2024-09-15 10:00,marathon@hzim.org,,杭马,0571-85062073,2024-11-03 17:04,,全程 / 半程 / 短距离,✔️,2024-09-28 09:20,浙江大丰体育文化发展有限公司,36000,黄龙体育中心,,杭州马拉松,,2024-09-17 12:00
8000/2000,150/80,,,,已结束,云南,A1,云南省体育局 / 玉溪市人民政府,2024-09-05 10:00,,,,,2024-11-03 17:40,,半程 / 短距离,✔️,2024-10-10 13:17,四川博捷体育文化传播有限公司,10000,,,玉溪抚仙湖半程马拉松,,2024-10-05 22:00
2000/3000/5000,170/140/70,,,https://longkou.sport-china.cn,已结束,山东,A1,龙口市人民政府 / 烟台市体育局,2024-08-16 14:00,,,第一赛道、龙口马拉松,020-29008788,2024-10-27 15:57,,全程 / 半程 / 短距离,❌,,广东新中体育集团有限公司,10000,人民公园,,龙口马拉松赛,,2024-10-13 00:00
12000/15000/8000,150/100/50,,,https://nanchang-marathon.com,已结束,江西,A1 / 精英,江西省体育局 / 南昌市人民政府,2024-08-15 14:00,nanchang42195@163.com,https://docimg6.docs.qq.com/image/AgAACG-qqCEdntCLUclIeayRCD8Jh7gF.png?w=690&h=1237,南昌马拉松,0791-82760165,2024-11-10 17:16,,全程 / 半程 / 短距离,✔️,2024-09-10 09:04,北京中迹体育管理有限公司,35000,八一广场,,南昌马拉松,,2024-08-22 17:00
2000/4000/6000,150/120/60,,,https://jiande.zjim.org,已结束,浙江,B类,建德市人民政府 / 浙江省马拉松及路跑协会,2024-08-29 10:00,hirunkefu@163.com,,建德马拉松,19558164512,2024-11-17 13:44,,全程 / 半程 / 短距离,❌,,杭州文广联合广告传媒有限公司 / 杭州嗨跑体育管理有限公司,12000,建德新安江景区,,建德马拉松,,2024-09-30 18:00
10000/15000/5000,150/100/50,,,https://www.hefeimarathon.com,已结束,安徽,A1 / 精英,中国田径协会 / 安徽省体育局 / 合肥市人民政府,2024-08-08 10:00,,,合肥马拉松,0551-62648635,2024-11-10 17:15,,全程 / 半程 / 短距离,✔️,2024-08-20 11:18,,30000,合肥骆岗公园,,合肥马拉松,https://docimg2.docs.qq.com/image/AgAACG-qqCFTVkRHwABGXqwEVv9Zdv0y.png?w=1080&h=1425,2024-08-17 17:30
5000/3000,150/60,,,,已结束,重庆,B类,重庆市涪陵区人民政府,2024-08-08 12:00,,,涪陵文旅、云动重庆咨询,17316784625,2024-10-27 14:54,,半程 / 短距离,❌,,重庆云动风行体育文化传播有限公司,8000,锦绣广场,,重庆涪陵白鹤梁半程马拉松,,2024-10-08 23:59
2500/4000/5500,150/120/50,,,,已结束,河南,B类,三门峡市人民政府,2024-09-11 10:00,joysports2021@126.com,,三门峡马拉松,13673626997,2024-11-17 15:44,,全程 / 半程 / 短距离,❌,,北京初美体育文化发展有限公司,12000,三门峡国际文博城会展中心,,三门峡马拉松,,2024-10-21 17:00
17000/3000,160/100,,,https://lihumarathon.com,已结束,江苏,A1 / 标牌,无锡市滨湖区人民政府,2024-06-25 10:00,kefu@ihuipao.com,,汇跑赛事,400-99-42195,2024-11-03 00:00,,半程 / 短距离,✔️,2024-07-15 00:00,无锡汇跑体育有限公司,20000,太湖西大道与隐秀路交叉口,,环蠡湖半程马拉松,,2024-07-10 17:00
3000/6000/3000/3000,150/120/80/60,,,,已结束,浙江,A1,湖州市人民政府 / 长兴县人民政府,2024-09-26 10:00,huzhoumarathon@163.com,https://docimg4.docs.qq.com/image/AgAACG-qqCFK6saiGppOjaWwJQVq6r6q.png?w=1080&h=570,跃动湖州、午马体育,18058756033,2024-11-17 12:59,,全程 / 半程 / 中距离 / 短距离,❌,,浙江午马精英体育发展有限公司 / 湖州市新闻传媒中心,15000,太湖龙之梦乐园嬉水世界,,湖州马拉松,https://docimg2.docs.qq.com/image/AgAACG-qqCHf4awRer9IxbaYuBex3xNw.png?w=1080&h=1046,2024-10-18 12:00
3000/6000/3000/3000,150/120/80/50,,,https://tmhmarathon.xempower.cn,已结束,江苏,B类,溧阳市人民政府 / 常州市体育局,2024-08-31 10:00,tmhmarathon@xempower.com.cn,,天目湖马拉松,025-87775902,2024-11-10 13:40,,全程 / 半程 / 10km / 短距离,✔️,2024-10-15 16:51,南京善跑体育科技有限公司,15000,燕湖公园,,天目湖马拉松,,2024-09-30 18:00
4000/8000/8000/4000,NT1800/1100/800/500,,,https://evaairrun.com,已结束,台湾,AIMS,"長榮航空 / ""中華民國路跑協會"" / ""中華民國文化休閒運動協會""",2024-05-02 17:00,service@sportsnet.org.tw,,,,2024-10-27 10:40,,全程 / 半程 / 10km / 短距离,❌,,,24000,,,長榮航空城市觀光馬拉松 ,,2024-05-30 17:00
3000/4000/3000,150/120/80,,,http://nantonghaimenmarathon.umaysports.cn,已结束,江苏,A1,南通市人民政府,2024-08-28 10:00,nantonghaimenmls@163.com,,海门马拉松,19905197127,2024-11-10 18:03,,全程 / 半程 / 短距离,❌,,,10000,太仓路与黄浦江路交叉口,,南通海门马拉松,,2024-10-08 17:00
5000/10000/10000,180/150/60,,,,已结束,四川,A1 / 精英,凉山彝族自治州人民政府,2024-08-09 10:00,,,,,2024-11-09 13:37,,全程 / 半程 / 短距离,❌,,成都中体大健康体育文化传播有限公司,25000,火把广场,,西昌邛海湿地马拉松,,2024-09-13 10:00
25000/10000,200/200,,,http://chengdumarathon.cn/,已结束,四川,A1 / 金标 / AIMS,中国田径协会 / 成都市人民政府,2024-04-15 09:00,cd_marathon@126.com,,成都马拉松,028-83419663,2024-10-27 11:09,,全程 / 半程,✔️,2024-06-15 00:00,广州万达体育发展有限公司,35000,金沙遗址博物馆,,成都马拉松,,2024-05-15 21:00
20000/10000/5000,200/200/100,,,https://xi-ma.com,已结束,陕西,A1 / 精英,陕西省体育局 / 西安市人民政府,2024-09-09 10:00,ximahuipao@163.com,,西马汇跑,400-11-42195,2024-11-03 00:00,,全程 / 半程 / 短距离,✔️,2024-09-23 09:34,西安西马汇跑赛事运营有限公司,35000,西安城墙-永宁门,,西安马拉松,https://docimg8.docs.qq.com/image/AgAACG-qqCG6AEjGeiVLXbbakT3iyOsL.jpeg?w=1080&h=2022,2024-09-14 18:00
7000/13000/6000,150/150/100,,,https://www.baoji-marathon.com,已结束,陕西,A1,陕西省体育局 / 宝鸡市人民政府,2024-09-10 10:00,baojimarathon@163.com,,宝鸡马拉松、威赢赛事,,2024-10-27 09:48,,全程 / 半程 / 短距离,✔️,2024-09-20 13:22,威赢赛事运营有限公司,26000,宝鸡市行政中心广场,,宝鸡马拉松,,2024-09-16 18:00
15000/10000,150/100,,,,已结束,重庆,A1,重庆市南岸区人民政府,2024-08-02 10:00,cqnbmarathon@163.com,https://docimg4.docs.qq.com/image/AgAACG-qqCEu80kEomRIx7zM0_A1y_um.png?w=938&h=1254,重庆重马体育,023-62532161,2024-11-03 17:25,,半程 / 短距离,✔️,2024-08-23 10:31,重庆重马体育发展有限公司,25000,海棠烟雨公园,,重庆长嘉汇半程马拉松,https://docimg2.docs.qq.com/image/AgAACG-qqCEiF5oNLj1OV4JFXqrKcJvs.jpeg?w=1080&h=1527,2024-08-16 17:00
2000/500/2500,100/60/50,,,,已结束,江西,A1,资溪县人民政府 / 抚州市教育体育局,2024-09-21 10:00,,,大觉山马拉松,18702590827,2024-11-17 13:35,,半程 / 10km / 短距离,❌,,浙江森狼体育发展有限公司,5000,资溪面包广场,,大觉山半程马拉松,,2024-10-10 23:59
3000/8000/4000,160/130/60,,,https://www.gaochunmarathon.com,已结束,江苏,A1 / 标牌,南京市高淳区人民政府,2024-09-03 10:00,,,高淳国际慢城马拉松赛,025-69777031,2024-11-03 13:19,,全程 / 半程 / 短距离,❌,,浙江中迹体育发展有限公司,15000,高淳区濑渚洲公园,,南京高淳马拉松,,2024-09-13 17:00
2000/5000/6000/2000,200/150/80/60,,,https://www.exprun.com,已结束,云南,A1,腾冲市人民政府,2024-09-30 18:00,tcmarathon@expewise.com,,腾冲马拉松,0871-65629970,2024-11-17 00:00,,全程 / 半程,❌,,云南行知探索体育文旅产业有限公司,15000,文治光昌广场,,腾冲马拉松 ,,2024-10-27 23:59
6000/10000/6000,180/150/120,,,http://www.langzhongmls.com,已结束,四川,B类,四川省田径协会 / 阆中市人民政府,2024-09-13 10:00,17781113285@163.com,,,17781113285,2024-11-24 10:12,,全程 / 半程 / 短距离,❌,,,22000,落下闳大剧院,,阆中古城马拉松,,2024-10-24 23:59
3000/5000/8000,180/180/80,,,,已结束,广东,B类,阳江市人民政府,2024-09-20 12:00,hld@sport-china.cn,,阳江海陵岛马拉松,,2024-12-01 00:00,,全程 / 半程 / 短距离,✔️,2024-11-08 13:47,广东新中体育集团有限公司,16000,大角湾-螺州海滨公园,,阳江海陵岛马拉松赛,,2024-11-01 22:00
500/1000/1500/800,NT1000/800/700/500,,,https://www.zengwenmarathon.com/,已结束,台湾,CTAA / AIMS,"臺南市政府 / ""中華民國田徑協會""",2024-08-09 12:00,tpe@mf.worldathletics.org,,,(886)02-27782240,2024-12-08 15:25,,全程 / 超半马 / 中距离 / 短距离,❌,,,2800,曾文水库管理局,,曾文水库马拉松,,2024-10-24 23:59
15000/5000,180/100,,,https://www.xmhaicangmarathon.com,已结束,福建,A1 / 标牌,厦门市人民政府,2024-09-19 15:00,haicangbm@163.com,,厦门海沧半程马拉松,0592-5372066,2024-12-01 14:03,,半程 / 短距离,✔️,2024-10-14 14:38,厦门文广体育有限公司,20000,,,厦门海沧半程马拉松赛,https://docimg8.docs.qq.com/image/AgAACG-qqCECxOvVe_ZJv6C_Q3a4qgKM.png?w=1080&h=1627,2024-10-10 12:00
300/8000/7000,180/150/80,,,https://danzhoumarathon.irunner.mobi,已结束,海南,A1 / 标牌,儋州市人民政府,2024-10-24 10:00,hndzmls@163.com,,海南儋州马拉松赛,0898-23301660,2024-12-15 14:11,,全程 / 半程 / 短距离,✔️,2024-11-15 14:05,厦门文广体育有限公司 / 海南尚豪文化传媒有限公司,18000,,,儋州马拉松,,2024-11-12 18:00
5000/7000/8000,150/120/60,,,,已结束,江西,A1,江西省体育局 / 赣州市人民政府,2024-10-28 10:00,ganzhoumls@163.com,,赣州马拉松,0797-8182773,2024-12-15 14:21,,全程 / 半程 / 短距离,❌,,,20000,长征广场,,赣州马拉松,,2024-11-24 23:59
7000/8000,120/50,,,,已结束,广东,B类,新兴县人民政府,2024-09-13 14:00,xinxingmls@126.com,,新兴马拉松官方,13076167389,2024-11-17 10:04,,半程 / 短距离,❌,,南京极致体育发展有限公司,15000,惠能广场,,云浮新兴半程马拉松,,2024-10-23 10:00
5000/5000,120/60,,,https://chengmai-marathon.mararun.com,已结束,海南,A1,澄迈县人民政府,2024-09-29 10:00,chengmaimarathon@126.com,,澄迈半程马拉松,17812173985,2024-11-17 13:08,,半程 / 短距离,✔️,2024-10-29 09:19,海南今燊体育文化发展有限公司,10000,海南生态软件园,,澄迈半程马拉松,,2024-10-22 17:00
5000/10000/5000,150/120/80,,,https://www.jiaxing-marathon.cn,已结束,浙江,A1,浙江省体育局 / 嘉兴市人民政府,2024-09-06 10:00,jxgjmls@163.com,,嘉兴马拉松赛,17722662515,2024-11-24 13:28,,全程 / 半程 / 短距离,❌,,深圳中赛体育产业发展有限公司,20000,嘉兴大剧院,,嘉兴马拉松,https://docimg9.docs.qq.com/image/AgAACG-qqCEcF_kvap1AgK2TGOG8dhFj.png?w=1080&h=1027,2024-10-31 10:00
1500/2000/2000/500,NT1000/900/800/700,,,https://lohasnet.tw/Taichung-marathon2024,已结束,台湾,AIMS,臺中市政府運動局 / 社團法人臺中市繁榮葫蘆墩促進會 / 臺中市神岡區體育會 / 臺中市豐原區體育會,2024-05-01 11:00,lohasnet.tw@gmail.com,https://docimg1.docs.qq.com/image/AgAACG-qqCGZ13lDamdIc68aFR_5Sjto.jpeg?w=970&h=970,,(886)05-5510310,2024-11-24 14:54,,全程 / 半程 / 中距离 / 短距离,❌,,,6000,七星岗,,臺中國際馬拉松,"https://docimg7.docs.qq.com/image/AgAACG-qqCFYkxd28AJKh6ywmgZ09zD1.jpeg?w=1240&h=1219, https://docimg7.docs.qq.com/image/AgAACG-qqCECuOJEiEpBVbqwTZC7p6nl.jpeg?w=1240&h=1219, https://docimg7.docs.qq.com/image/AgAACG-qqCFe1fLi7DlF7b8oAQ4iW8c7.jpeg?w=1240&h=1683, https://docimg7.docs.qq.com/image/AgAACG-qqCGKowlrFYlMCI8DBAbArkJP.jpeg?w=1240&h=1683",2024-09-30 23:59
6000/13000/6000,180/180/100,,,https://www.runsuzhou.com,已结束,江苏,A1 / 精英,苏州国家高新技术产业开发区管理委员会,2024-10-06 10:00,runsuzhou@163.com,,苏州太湖马拉松,0512-69580906,2024-12-01 00:00,,全程 / 半程 / 短距离,✔️,2024-10-30 14:42,苏州高新体育产业有限公司 / 苏州市环太湖体育发展有限公司,25000,狮山路与长江路交叉口,,苏州太湖马拉松,,2024-10-23 17:00
2000/3000/4000/6000,120/100/50/30,,,,已结束,安徽,A1,安徽省体育局 / 淮南市人民政府,2024-09-26 10:00,,,2024淮南马拉松,19355971127,2024-12-08 15:02,,全程 / 半程 / 中距离 / 短距离,❌,,安徽盛齐体育发展有限责任公司,15000,乐动力淮南奥体中心,,淮南马拉松,,2024-10-16 10:00
4500/2000,120/60,,,,已结束,广西,B类,桂林市体育局 / 兴安县人民政府,2024-09-27 10:00,xingan@gustomail.cn,,兴安灵渠马拉松,13533061165,2024-12-08 00:00,,半程 / 短距离,❌,,安徽竞体体育文化发展有限公司,6500,灵渠博物院,,兴安灵渠半程马拉松,https://docimg9.docs.qq.com/image/AgAACG-qqCHL-Fx18kBLEoOcFfugFwwk.png?w=1080&h=1151,2024-11-28 18:00
3000/2000,150/80,,,,取消/推迟/熔断,广东,B类,海丰县人民政府,2024-10-28 18:00,,,乐跑客、黄羌林场,17724288277,2024-12-01 00:00,,半程 / 短距离,❌,,广州乐跑客文化体育发展有限公司,5000,黄羌林场,,黄羌林场运动小镇半程马拉松,,2024-11-15 18:00
2000/4000/4000,180/150/60,,,,已结束,贵州,A2,贵州省体育局 / 铜仁市人民政府,2024-09-14 10:00,,,,13529388388,2024-11-24 00:00,,全程 / 半程 / 短距离,❌,,四川博捷体育文化传播有限公司,10000,八官溪,,贵州铜仁·梵净山冬季马拉松,,2024-10-20 22:00
20000/5000,160/80,,,https://www.xiamenhuandongmarathon.com,已结束,福建,A1,厦门市人民政府,2024-08-29 10:00,,,厦门环东半程马拉松赛,0592-3660069,2024-12-22 13:47,,半程 / 短距离,✔️,2024-11-01 13:54,厦门体育产业集团赛事运营有限公司,25000,美峰体育公园,,厦门环东半程马拉松赛,,2024-10-25 10:00
1600/4800/5600,MOP400/400/70,,,https://www.macaomarathon.com,已结束,澳门,AAMC / AIMS,澳门特别行政区体育局 / 银河娱乐集团 / 澳门田径总会,2024-09-28 14:00,macaomarathon@sport.gov.mo,,澳门体育,(853)28236363,2024-12-01 09:04,,全程 / 半程 / 短距离,❌,,,12000,百老汇中心,,澳门国际马拉松,,2024-09-29 22:00
20000,198,,,https://www.szns-marathon.com,已结束,广东,A1 / 标牌,深圳市南山区人民政府,2024-10-18 15:00,sznsmarathon@crland.com.cn,,深圳南山半程马拉松,0755-86308879,2024-12-15 23:28,,半程 / 短距离,✔️,2024-11-07 16:19,华润文化体育发展有限公司,20000,深圳人才公园-东门,,深圳南山半程马拉松,,2024-10-29 18:00
1000/2000,100/50,,,,已结束,广西,B类,深圳市南山区人民政府 / 桂林市体育局 / 资源县人民政府,2024-10-23 10:00,xyzsmls@163.com,,润赛,13632711859,2024-11-23 00:00,,半程 / 短距离,❌,,深圳市五环体育产业发展有限公司 / 深圳市南山文化体育产业有限公司,3000,资源县人民政府,,资源半程马拉松,,2024-11-07 23:59
10000/5000,200/160,,,http://www.carmmarathon.cn,已结束,江苏,A1,中国田径协会 / 常州市人民政府,2024-11-04 10:00,carmmarathon@163.com,"https://docimg7.docs.qq.com/image/AgAACG-qqCGQgwq0N85HFZOzlCqQ8PXp.png?w=801&h=1424, https://docimg1.docs.qq.com/image/AgAACG-qqCGwrVPOoElBzbrLtmplY-Gy.png?w=608&h=1080",中国马拉松精英排名赛,19905197127,2024-12-08 09:23,,全程 / 半程,✔️,2024-11-20 09:47,江苏有迈体育发展股份有限公司,15000,金山南路与河海大道交叉口,,中国马拉松精英排名赛暨长荡湖马拉松,,2024-11-15 23:59
3500/2500,120/60,,,http://luocheng.sport-china.cn,已结束,广西,B类,罗城仫佬族自治县人民政府 / 河池市文化广电体育和旅游局 / 中共罗城仫佬族自治县委员会,2024-09-28 14:00,luocheng@gustomail.cn,,罗城半程马拉松,,2024-11-24 16:36,,半程 / 短距离,❌,,武汉艾斯未来文化传媒有限公司,6000,,,罗城半程马拉松,,2024-10-31 18:00
3000/6000/6000,120/100/50,,,,已结束,安徽,精英,安徽省体育局 / 池州市人民政府,2024-04-25 10:00,chizhoumarathon@163.com,,池州马拉松,,2024-11-24 00:00,,全程 / 半程 / 短距离,✔️,2024-06-12 10:52,安徽波动体育文化科技有限公司,15000,平天湖莲花台,,池州马拉松,,2024-05-25 23:59
5000/7000/8000,180/180/100,,,https://jiangmen.sport-china.cn/,已结束,广东,B类,江门市人民政府,2024-09-26 14:00,jiangmen@gustomail.cn,,江门马拉松、第一赛道,,2024-12-15 14:13,,全程 / 半程 / 短距离,✔️,2024-11-05 16:49,路越（上海）体育发展有限公司,20000,,,江门马拉松,,2024-10-31 18:00
4000/11000/5000,180/150/70,,,https://www.wzim.org,已结束,浙江,A1,浙江省体育局 / 温州市人民政府,2024-10-24 10:00,wzim2021@163.com,,温州马拉松,0577-88868108,2024-12-08 13:53,,全程 / 半程 / 短距离,❌,,浙江青鸟捷出体育科技有限公司,20000,,,温州马拉松,,2024-11-15 17:00
15000/20000/15000,180/150/90,,,,已结束,福建,A1 / 精英,福州市人民政府,2024-09-20 10:00,fuma20231217@126.com,,福州马拉松,0591-38875137,2024-12-15 14:09,,全程 / 半程 / 短距离,✔️,2024-10-21 13:23,福建省广播影视文化传媒有限公司,50000,福州五一广场,,福州马拉松,,2024-09-29 17:00
2000/3000/5000,150/100/50,,,,已结束,江西,A1,九江市人民政府,2024-10-23 18:00,gqcmarathon@163.com,,,19905197127,2024-11-24 00:00,,全程 / 半程 / 短距离,❌,,,10000,青春不夜城,,共青城马拉松,,2024-11-08 23:59
4000/10000/9000,188/158/80,,,,已结束,广东,B类,肇庆市人民政府,2024-09-25 10:00,zhaoqingmls@126.com,,肇庆马拉松,15814562376,2024-11-24 00:00,,全程 / 半程 / 短距离,✔️,2024-10-30 09:20,广州博润体育科技有限公司,23000,朝天门,,肇庆马拉松,,2024-10-15 10:00
3000/7000/10000,150/150/80,,,https://guangan.marathon.org.cn,已结束,四川,A1,广安市人民政府,2024-10-08 09:00,guanganmarathon@163.com,,,0826-2966533,2024-11-23 17:45,,全程 / 半程 / 短距离,❌,,,20000,,,广安马拉松赛,,2024-11-10 23:59
4000/11000/4000/9000,150/120/80/70,,,http://www.hmarathon.com/,已结束,浙江,B类,东阳市人民政府 / 横店集团,2024-09-13 10:00,hmarathon@bothrun.com,https://docimg1.docs.qq.com/image/AgAACG-qqCH0a4c7VR5M0o7CwcBrFXry.png?w=1080&h=608,横店马拉松,0579-89300968,2024-11-24 00:00,,全程 / 半程 / 中距离 / 短距离,❌,,浙江横店体育发展有限公司,28000,横店明清宫苑,,横店马拉松,,2024-11-01 10:00
3000/8000/5000,150/120/70,,,,已结束,湖南,A1,湖南省体育局 / 衡阳市人民政府,2024-10-13 10:00,,,,,2024-12-08 10:52,,全程 / 半程 / 短距离,❌,,湖南大众体育文化发展有限公司,16000,衡阳市体育中心(衡州大道店),,衡阳马拉松,,2024-10-31 10:00
7000,120,,,,已结束,重庆,A1,中国田径协会 / 重庆市体育局 / 重庆市南岸区人民政府,2024-09-06 10:00,cmsports@163.com,,重马体育、中国10公里精英赛,023-62898882,2024-11-30 17:25,,10km,❌,,重庆重马体育发展有限公司,7000,东原1891B馆,,中国田径协会10公里精英赛（重庆站）暨重庆10公里挑战赛,,2024-10-31 10:00
2000/4000/6000,150/120/60,,,,已结束,重庆,B类,重庆市忠县人民政府 / 四川省田径协会 / 重庆市田径协会,2024-09-11 08:00,,,长江三峡马拉松,17316784625,2024-12-01 13:18,,全程 / 半程 / 短距离,❌,,重庆云动风行体育文化传播有限公司,12000,临江公园,,重庆忠县马拉松,,2024-11-11 23:59
3000/5000/7000,160/130/50,,,,已结束,福建,B类,福建省体育局 / 南平市人民政府,2024-10-24 10:00,,,武夷山文体旅,19105993016,2024-12-22 00:00,,全程 / 半程 / 短距离,❌,,,15000,三姑度假区,,武夷山马拉松赛,,2024-11-28 12:00
3000/7000/5000,200/200/120,,,https://hirunsport.cn,已结束,浙江,B类,淳安县人民政府 / 浙江省马拉松及路跑协会,2024-09-10 10:00,hirunkefu@163.com,,嗨跑体育,18248484836,2024-12-01 10:27,,全程 / 半程 / 短距离,❌,,杭州嗨跑体育管理有限公司,15000,千岛湖秀水广场,,千岛湖马拉松,,2024-10-09 18:00
3000,100,,,,已结束,江苏,A1,中国田径协会 / 扬州市人民政府,2024-11-17 09:00,,,扬州马拉松,0514-80590200,2024-12-15 10:10,,10km,❌,,江苏飞睿体育文化发展有限公司,3000,金太村,,中国田径协会10公里精英赛 扬州站,https://docimg2.docs.qq.com/image/AgAACG-qqCFZAYfgridDe6JgVk10F2hE.png?w=1080&h=763,2024-12-06 22:00
9000/19000,NT2000/1400,,,https://www.taipeicitymarathon.com/,已结束,台湾,CTAA / 金标 / AIMS,"臺北市政府 / ""中華民國田徑協會"" / ""中華民國路跑協會""",2024-07-16 16:00,service@sportsnet.org.tw,,,(886)02-25855659,2024-12-15 08:52,,全程 / 半程,✔️,2024-07-31 08:57,,28000,逸仙名宫,,臺北馬拉松,"https://docimg1.docs.qq.com/image/AgAACG-qqCEpSlWd1ddCTr9Qx_tNfU6q.jpeg?w=1600&h=1134, https://docimg3.docs.qq.com/image/AgAACG-qqCFIDhnhqpVHloLtbZ_h-q6Z.jpeg?w=1600&h=1134",2024-09-11 12:00
5000/3000,120/60,,,http://dongfang-halfmarathon.mararun.com/,已结束,海南,A1,东方市人民政府,2024-10-10 10:00,dongfangmarathon@126.com,,海南东方半程马拉松,19389868037,2024-12-01 00:00,,半程 / 短距离,❌,,海南今燊体育文化发展有限公司,8000,东方市文化广场-东门,,海南东方半程马拉松,,2024-11-03 17:00
3000/5000/12000,150/120/80,,,http://www.quzhoumarathon.cn,已结束,浙江,B类 / 标牌,衢州市人民政府,2024-09-04 10:00,quzhoumarathon@163.com,,衢马,15157000884,2024-11-24 23:27,,全程 / 半程 / 短距离,❌,,江苏铁人体育文化发展有限公司,20000,,,衢州马拉松,,2024-10-01 00:00
9000/5000,140/70,,,http://humen.gusto.cn,已结束,广东,B类,东莞市虎门镇人民政府,2024-09-23 14:00,humen@gustomail.cn,,虎门半程马拉松,,2024-11-24 15:49,,半程 / 短距离,✔️,2024-10-23 15:53,,14000,虎门公园,,虎门半程马拉松赛,,2024-10-16 23:59
6000/1000/1000,120/60/30,,,,已结束,浙江,A1,温州市体育局 / 苍南县人民政府,2024-12-03 10:00,cnhxim@163.com,,苍南马拉松,0577-88868108,2024-12-22 13:23,,半程 / 中距离 / 短距离,❌,,浙江青鸟捷出体育科技有限公司,8000,,,苍南半程马拉松,,2024-12-06 17:00
4000/4000,150/100,,,https://www.hzwomenmarathon.com,已结束,浙江,B类,杭州市体育局 / 杭州市上城区人民政府 / 杭州市拱墅区人民政府 / 杭州西湖风景名胜区管理委员会,2024-11-07 10:00,,,杭州女子半程马拉松,19817439464,2024-12-01 00:00,,半程 / 中距离,✔️,2024-11-16 15:16,浙江中迹体育发展有限公司,8000,湖滨路步行街,,杭州女子半程马拉松,,2024-11-11 18:00
13000/7000,150/50,,,https://www.huangshimarathon.com,已结束,湖北,A1 / 精英,湖北省体育局 / 黄石市人民政府,2024-10-10 14:00,huangshimls@163.com,,黄石半程马拉松,13260676179,2024-12-08 13:58,,半程 / 短距离,✔️,2024-11-10 09:22,广州博润体育科技有限公司,20000,黄石人民广场,,黄石半程马拉松,,2024-10-31 10:00
3000/3000,160/80,,,,已结束,四川,B类,中共荣县县委 / 荣县人民政府,2024-10-20 10:00,rongxianmarathon@163.com,,尚跑赛事,19980816949,2024-12-08 15:30,,半程 / 短距离,❌,,广西新中体育有限责任公司,6000,荣县大佛景区,,荣县半程马拉松,https://docimg9.docs.qq.com/image/AgAACG-qqCH1zm6-b7FFbrrWwZBVMBeQ.png?w=1080&h=863,2024-11-06 23:59
5000/7000/8000,170/120/80,,,https://www.jinjiang-marathon.com,已结束,福建,A1 / 标牌,晋江市人民政府,2024-09-30 10:00,jjmarathon@126.com,,晋江马拉松,17282380483,2024-12-01 14:08,,全程 / 半程 / 短距离,❌,,路越（上海）体育发展有限公司,20000,晋江市体育中心-西大门,,晋江马拉松赛,,2024-11-10 18:00
1000/1000/1500/1500,160/120/100/80,,,,已结束,福建,A2,龙岩市体育局 / 龙岩市永定区人民政府,2024-10-21 10:00,,,永定土楼马拉松赛,13328750698,2024-12-15 15:28,,全程 / 半程 / 中距离 / 短距离,❌,,四川中奥致远体育文化传播有限公司 / 厦门迹外体育文化传媒有限公司,5000,永定土楼民俗文化村-福建土楼风情街,,福建永定土楼马拉松,,2024-11-25 15:00
26000,160,,,http://www.guangzhou-marathon.com,已结束,广东,A1 / 金标 / AIMS / CMM,广州市人民政府,2024-09-10 15:00,oc@guangzhou-marathon.com,,广州马拉松,020-38797839,2024-12-08 14:08,,全程,✔️,2024-10-12 16:28,中奥路跑(北京)体育管理有限公司,26000,天河体育中心-南广场,,广州马拉松赛,,2024-09-19 17:00
3500/7000/2000/7500,180/150/100/80,,,,已结束,广西,A1 / 标牌,广西壮族自治区体育局 / 防城港市人民政府,2024-10-18 14:00,china_aseanmls@126.com,,中国东盟马拉松,,2024-11-24 14:14,,全程 / 半程 / 10km / 短距离,❌,,安徽波动体育文化科技有限公司 / 池州山水体育文化发展有限公司,20000,北部湾海洋文化公园,,中国-东盟马拉松,,2024-11-04 18:00
3000/3000,120/60,,,,已结束,四川,A1,达州市人民政府 / 四川省田径协会,2024-10-18 10:00,qxmarathon@163.com,,四川省田径协会,028-62077702,2024-11-24 00:00,,半程 / 短距离,❌,,四川体产赛事管理有限公司,6000,渠县新体育馆,,渠县半程马拉松,,2024-10-31 17:00
4000/6000/5000,150/120/80,,,,已结束,湖南,A1 / 标牌,湖南省体育局 / 常德市人民政府,2024-10-17 10:00,changdemarathon@126.com,,常德柳叶湖马拉松,15072297945,2024-11-17 23:25,,全程 / 半程 / 短距离,❌,,路越（上海）体育发展有限公司,15000,柳叶湖游客广场,,常德柳叶湖马拉松,,2024-11-06 18:00
23000/15000,150/90,,,https://www.shang-ma.com/,已结束,上海,A1 / 白金 / AIMS / WMM-C,上海市体育总会 / 上海市黄浦区人民政府 / 上海市静安区人民政府 / 上海市徐汇区人民政府 / 东浩兰生（集团）有限公司,2024-10-09 20:00,general@shmarathon.com,,上马,400-1015879,2024-12-01 17:04,,全程 / 短距离,✔️,2024-10-24 14:17,上海东浩兰生赛事管理有限公司,38000,外滩金牛广场,,上海马拉松,,2024-10-14 12:00
3000/5000,130/50,,,,已结束,湖北,B类,湖北省体育局 / 襄阳市人民政府,2024-10-16 10:00,ycbcmls@163.com,,宜城文旅之声,19086319162,2024-11-24 10:10,,半程 / 短距离,❌,,,8000,宜城市楚都文化中心,,湖北·宜城汉江半程马拉松,,2024-11-05 18:00
1000/2000,100/50,,,,已结束,广西,B类,深圳市南山区人民政府 / 桂林市体育局 / 龙胜各族自治县人民政府,2024-10-23 10:00,xyzsmls@163.com,,润赛,13632711859,2024-11-24 00:00,,半程 / 短距离,❌,,华润文化体育发展有限公司,3000,滨江大道,,龙胜半程马拉松,,2024-11-07 23:59
8000/2000/2000,US$85/75/65,,,https://3rsrun.com,已结束,香港,HKAAA,中国香港田径总会,2024-09-23 14:00,3rsrun@hkaaa.com,,,(852)21229120,2024-11-17 16:16,,10km / 中距离 / 短距离,✔️,2024-10-01 16:20,,12000,香港国际机场,,三跑道系统十公里国际赛,,2024-09-27 19:00
6000/10000/8000/5000/1000,120/100/80/40/0,,,https://www.nanning-marathon.com,已结束,广西,A1,广西壮族自治区体育局 / 南宁市人民政府,2024-10-08 10:00,info@nanning-marathon.com,,南宁马拉松,18076642195,2024-12-01 13:55,,全程 / 半程 / 10km / 中距离 / 短距离,✔️,2024-10-27 14:16,广州万达体育发展有限公司,30000,民族广场,,南宁马拉松,,2024-10-20 22:00
2000/5000/5000,160/120/80,,,https://http:..ndmls.runnar.com,已结束,福建,A1,福建省体育局 / 宁德市人民政府,2024-09-30 10:00,lfhz@lffjhz.com,,2024宁德马拉松,15259369301,2024-12-08 10:30,,全程 / 半程 / 短距离,❌,,汕头市先奥体育文化传播有限公司 / 旅发（福建）会展有限公司,12000,,,宁德马拉松,,2024-10-31 17:00
3000/6000/6000,150/120/60,,,https://www.zhoushanmarathon.com,已结束,浙江,A1 / 标牌,舟山市人民政府,2024-09-20 10:00,,"https://docimg10.docs.qq.com/image/AgAACG-qqCGPJGskACJN1oRvZaEQPlf9.png?w=1080&h=810, https://docimg7.docs.qq.com/image/AgAACG-qqCFk58iCePJBJZi1GTm5o3gA.png?w=1080&h=810",舟山群岛马拉松,18959220741,2024-11-24 17:18,,全程 / 半程 / 短距离,❌,,北京中迹体育管理有限公司,15000,普陀大剧院,,舟山群岛马拉松,https://docimg5.docs.qq.com/image/AgAACG-qqCG0W8y5EkpHj6NyW94B-rT_.png?w=1080&h=762,2024-10-31 20:00
2500/1500,100/50,,,,已结束,浙江,B类,玉环市人民政府,2024-09-29 10:00,tzyhmls@163.com,,玉环马拉松,18858668443,2024-12-15 14:48,,半程 / 短距离,❌,,天津市飞赫体育文化传播有限公司 / 台州环游体育文化发展有限公司,4000,高铭暄学术馆,,玉环半程马拉松,,2024-10-27 10:00
20000,200,,,http://shenzhenmarathon.org.cn,已结束,广东,A1 / 金标,深圳市人民政府,2024-09-03 10:00,szmarathon@ssi.sihc.com.cn,,深圳马拉松官方,0755-25127039,2024-12-01 13:57,,全程,✔️,2024-09-27 17:54,深圳市深投控体育赛事发展有限公司,20000,深圳市民广场,,深圳马拉松,,2024-09-18 17:00
2000/5000/8000,180/150/80,,,,已结束,重庆,B类,重庆市璧山区人民政府,2024-10-10 10:00,,,云动重庆,17316784625,2024-12-15 10:58,,全程 / 半程 / 短距离,❌,,重庆云动风行体育文化传播有限公司,15000,,,重庆璧山马拉松,,2024-11-24 23:59
6000/8000/6000,200/200/100,,,http://www.hp-marathon.com,已结束,广东,B类 / 精英,广州开发区管委会 / 广州市黄埔区人民政府,2024-10-31 10:00,huangpu@sport-china.cn,,第一赛道、黄埔马拉松,,2024-12-22 14:14,,全程 / 半程 / 短距离,✔️,2024-11-29 09:23,广东新中体育集团有限公司,20000,,,黄埔马拉松,,2024-11-22 18:00
3000/8000/4000,200/200/80,,,https://www.zhuhaimarathon.com,取消/推迟/熔断,广东,B类,珠海市人民政府,2024-09-03 10:00,zhuhai-marathon@xempower.com.cn,,善跑体育,18551797803,2025-01-12 10:33,,全程 / 半程 / 短距离,✔️,2024-10-15 17:00,珠海华发体育运营管理有限公司 / 南京善跑体育科技有限公司,15000,珠海规划展览馆,,珠海马拉松,,2024-09-20 18:00
5000/7000/10000,150/120/60,,,https://sanya-marathon.irunner.mobi,已结束,海南,标牌,海南省旅游和文化广电体育厅 / 三亚市人民政府,2024-11-20 10:00,sanyamarathon@163.com,,海南三亚马拉松,17337254963,2024-12-29 14:19,,全程 / 半程 / 短距离,✔️,2024-12-06 14:50,海南广播电影电视传媒集团有限公司 / 海南体育赛事有限公司 / 杭州嗨跑体育管理有限公司,22000,美丽之冠-南门,,海南（三亚）马拉松,,2024-11-30 17:00
12000/6000,150/100,,,,已结束,重庆,A1,重庆市巴南区人民政府,2024-09-10 10:30,qjzxsports@163.com,,千君万马体育,400-659-2590,2024-12-29 09:20,,半程 / 短距离,❌,,,18000,重庆市巴南区人民政府,,重庆半程马拉松,,2024-10-14 23:59
3000/4000/8000,150/120/60,,,https://ybcjmarathon.com,已结束,四川,A1,宜宾市人民政府,2024-11-06 10:00,,,2024宜宾长江马拉松,18008053490,2024-12-22 15:10,,全程 / 半程 / 短距离,❌,,成都中体大健康体育文化传播有限公司 / 宜宾文传首城传媒集团有限公司,15000,三江路与学园街交叉口,,宜宾长江马拉松,https://docimg3.docs.qq.com/image/AgAACG-qqCFjezHAaNxG044cwANu_Z4G.jpeg?w=1280&h=898,2024-11-30 22:00
6000/4000,120/60,,,,已结束,四川,A2,德阳市人民政府 / 四川省田径协会 / 广汉市人民政府,2024-11-18 10:00,dymarathon@126.com,,德阳市体育局,0838-2203233,2024-12-29 14:12,,半程 / 短距离,❌,,四川体产赛事管理有限公司,10000,四川司法警官职业学院(青衣江校区),,德阳半程马拉松,,2024-11-30 22:00
3000/2000,100/50,,,,已结束,四川,A1,中国田径协会 / 成都市新津区人民政府,2024-11-05 10:00,xinjinsglsports@163.com,,博捷体育、成都新津,13529388388,2024-12-22 13:38,,10km / 5km,❌,,四川博捷体育文化传播有限公司 / 四川成都新津博体体育文化发展有限公司,5000,四川省水上运动学校,,中国田径协会10公里精英赛总决赛（成都新津）,https://docimg7.docs.qq.com/image/AgAACG-qqCHMgbE7HlZM_bY_Yr6CoWsM.jpeg?w=1280&h=660,2024-12-10 22:00
4000/10000/6000,200/200/80,,,,已结束,广东,A1,横琴粤澳深度合作区执行委员会,2024-10-18 15:00,,,,,2025-03-23 14:20,,全程 / 半程 / 短距离,✔️,2024-11-22 09:45,珠海华发体育运营管理有限公司,20000,,,横琴马拉松,,2024-11-08 15:00
4000/2000,150/50,,,https://urumqimarathon.xempower.cn,已结束,新疆,A1,乌鲁木齐市人民政府 / 新疆维吾尔自治区体育局,2024-11-04 14:00,shanpao@xempower.com.cn,,善跑体育,025-87775902,2024-12-22 09:45,,半程 / 短距离,✔️,2024-12-06 13:32,南京善跑体育科技有限公司,6000,新疆冬季运动管理中心,,乌鲁木齐半程马拉松,,2024-12-03 15:00
4000/8000/8000,180/180/100,,,http://hakka.sport-china.cn/,已结束,广东,B类,梅州市人民政府,2024-11-01 14:00,mz@sport-china.cn,,第一赛道、梅州马拉松赛,,2024-12-29 17:40,,全程 / 半程 / 短距离,✔️,2024-12-11 09:46,广西新中体育有限责任公司,20000,,,梅州马拉松,,2024-12-10 18:00
,,,,,取消/推迟/熔断,广东,精英,,,,,,,,,全程 / 半程,,,,,,,深圳宝安马拉松,,
4000/7000/14000,180/150/80,,,https://www.stmls.cn,已结束,广东,B类 / 精英,汕头市人民政府,2024-09-29 10:00,stlongrun0628@126.com,,汕头马拉松,0754-88282020,2024-12-22 14:13,,全程 / 半程 / 短距离,✔️,2024-11-17 10:36,汕头市先奥体育文化传播有限公司,25000,开放广场,,汕头马拉松,,2024-10-25 20:00
6000/10000/6000/4000,200/150/100/300(每组),,,https://www.sco-marathon.com,已结束,云南,A1 / 精英 / AIMS,云南省体育局 / 云南省人民政府外事办公室 / 昆明市人民政府,2024-11-26 10:00,scomarathon@vip.163.com,,上合昆明马拉松,17869819191,2024-12-29 16:36,,全程 / 半程 / 中距离 / 短距离,✔️,2024-12-13 18:01,,26000,云南海埂会堂,,上合昆明马拉松,,2024-12-05 22:00
,160/130/80,,,,已结束,福建,A1,福建省体育局 / 莆田市人民政府,2024-11-01 10:00,,,,,2024-12-29 17:36,,全程 / 半程 / 短距离,❌,,福建省广播影视文化传媒有限公司,,木兰溪治理展示馆,,莆田马拉松,,2024-11-25 17:00