报名渠道,主办单位,报名开启时间,状态,赛事等级,完赛经历要求,出签日期,分项规模,起点,比赛路线,抽签,退出机制,联系电话,赛事,创建时间,官网,总规模,报名费,省份,最后编辑时间,报名截止时间,运营单位,官方邮箱,比赛项目,比赛日期,缴费时间,体检报告,微信公众号,奖牌
官网/微信/小程序 / 運動筆記,高雄市政府運動發展局,2025-09-01 12:00,已结束,AIMS,未提及,,3500/6500,高雄国家体育场,,❌,有,(886)0972896489,高雄馬拉松,,https://www.khm.com.tw,10000,"NT$1,500/1300",台湾,,2025-10-11 23:59,H2U運動筆記,bijikhmservice@gmail.com,全程 / 半程,2026-01-11 00:00,报名时缴费,未提及,,
数字心动 / 马拉马拉,中国田径协会 / 北京市门头沟区人民政府,2026-02-02 10:00,已结束,A / WA,未提及,2026-03-06 00:00,4000/1000,石龙路与金沙街交叉口,,✔️,,18511081160,中国田径协会10公里精英赛（北京门头沟站）,,,5000,100/150(家庭组),北京,,2026-02-09 18:00,,pbbj@baa.org.cn,10km / 短距离,2026-03-28 00:00,报名时缴费,自行评估,北京市田径协会、跑遍北京,
官网/微信/小程序 / 数字心动,温州市体育局 / 乐清市人民政府,2026-01-15 10:00,已结束,A,半程或以上,2026-01-30 00:00,8000,乐清市体育中心,https://docimg6.docs.qq.com/image/AgAACG-qqCEhiaDsmCBExp_n6qMNZOzX.png?w=1011&h=838,✔️,1月22日（含）之前退出退还80%报名费，组委会将在收到退出申请后一周内办理退款，1月22日之后不可退出。,18248484836,乐清半程马拉松,,https://hirunsport.com,8000,120,浙江,,2026-01-22 18:00,杭州嗨跑体育管理有限公司,hirunkefu@163.com,半程,2026-03-22 00:00,报名时缴费,可用完赛证书,乐清半程马拉松,
官网/微信/小程序 / 数字心动,宁海县人民政府,2025-12-22 10:00,已结束,A,半程或以上,2026-01-19 00:00,4000/8000,,,✔️,无,15757485361,宁海马拉松,,,12000,180/150,浙江,,2026-01-12 17:00,南京极致体育发展有限公司,nhxxk_marathon@163.com,全程 / 半程,2026-03-08 11:23,中签后缴费,可用完赛证书,宁海马拉松,
官网/微信/小程序,臺南市政府 / 社團法人臺南市體育總會 / 臺灣港務股份有限公司,2025-09-15 14:30,已结束,CT / AIMS,未提及,,10500/9500/5100,,,❌,有,(886)02-29499257,臺南古都國際半程馬拉松,,https://www.tainanhalfmarathon.com/,25100,NT$1000/850/500,台湾,,2025-11-02 23:59,,,半程 / 10km / 短距离,2026-03-01 00:00,报名时缴费,未提及,,
官网/微信/小程序 / 数字心动 / 润赛美佳 / 跑跑网 / 最酷 / 我要赛,重庆市铜梁区人民政府,2025-12-25 10:00,已结束,A,未提及,,2000/4000,铜梁龙城天街,,❌,2月14日前可退出,17316784625,重庆铜梁马拉松,,,6000,150/120,重庆,,2026-01-04 22:00,重庆云动风行体育文化传播有限公司,yundongtiyu@yundongsport.cn,全程 / 半程,2026-03-15 20:00,报名时缴费,自行评估,重庆铜梁龙马拉松,
官网/微信/小程序 / 数字心动,上海市嘉定区人民政府 / 上海久事体育产业发展（集团）有限公司 / 上海报业集团,2025-11-28 10:00,已结束,A,未提及,,7000,上海国际赛车场,https://docimg5.docs.qq.com/image/AgAACG-qqCHe358BsJpE86U3A5D3IfkT.jpeg?w=2480&h=3725,❌,无,,上海嘉定半程马拉松暨蒸蒸日上迎新跑,,https://www.runthetrack.com,7000,269,上海,,2025-12-07 23:59,,info@runthetrack.com,半程,2026-01-01 00:00,报名时缴费,未提及,蒸蒸日上,
官网/微信/小程序 / 数字心动 / 跑跑网,温州市体育局 / 温州市龙湾区人民政府,2025-12-20 10:00,已结束,A,未提及,2026-01-09 00:00,8000,,,✔️,,0577-88868108,温州龙湾半程马拉松,,https://longwan.zjim.org,8000,150,浙江,,2025-12-31 17:00,浙江青鸟捷出体育科技有限公司,longwanmls@163.com,半程,2026-03-15 09:16,中签后缴费,必须,温州龙湾半程马拉松,
官网/微信/小程序 / 運動筆記,台灣國際馬拉松交流協會 / 亞洲馬拉松大聯盟,2025-08-20 10:00,已结束,AIMS,未提及,,,,,❌,有,(886)0910-581659,臺灣國際馬拉松(in臺南),,https://irunner.biji.co/twnmarathon2025,,NT$1300/1100/800/600,台湾,,2025-11-22 23:59,,irunner@biji.co,全程 / 半程 / 10km / 短距离,2026-01-11 15:40,报名时缴费,未提及,,
官网/微信/小程序,香港馬拉松推廣社,2026-01-26 11:00,已结束,HK / WA,未提及,,,石门,,❌,,(852)52290518,石門十公里賽 ,,https://hkmarathonpro.com/,,HK$350,香港,,2026-02-06 23:59,,hkmarathonpro@yahoo.com.hk,10km,2026-03-22 00:00,报名时缴费,未提及,,
官网/微信/小程序 / 第一赛道,清远市人民政府 ,2026-01-16 10:00,已结束,A,半程或以上,2026-02-10 00:00,8000/12000,清远体育馆-北门,,✔️,1月31日18:00退费服务系统关闭,,清远马拉松赛,,http://www.qy-marathon.com/,20000,200/180,广东,,2026-01-31 18:00,广东新中体育集团有限公司 / 广州双鱼体育文化发展有限公司,qy@gustomail.cn,全程 / 半程,2026-03-15 00:00,报名时缴费,自行评估,第一赛道、清远马拉松,
官网/微信/小程序 / 数字心动 / 马拉马拉,武汉市黄陂区人民政府,2026-01-06 15:00,已结束,B,未提及,2026-02-04 00:00,8000,,,✔️,,17771860104,武汉空港国际商务新城半程马拉松,,,8000,120,湖北,,2026-01-26 23:59,武汉艾斯未来文化传媒有限公司,435165066@qq.com,半程,2026-03-15 00:00,报名时缴费,自行评估,武汉空港国际商务新城半程马拉松,
官网/微信/小程序 / 数字心动,眉山市人民政府 / 四川省田径协会,2025-11-10 10:00,已结束,A / 白金,未提及,2026-01-01 00:00,20000,,,✔️,,13529388388,眉山仁寿半程马拉松,,https://www.sichuanbojiesports.com,20000,200,四川,,2025-12-15 22:00,四川博捷体育文化传播有限公司,,半程,2026-03-15 00:00,中签后缴费,必须,博捷体育、眉山仁寿半程马拉松,
官网/微信/小程序 / 数字心动,成都市人民政府,2025-12-26 10:00,已结束,A,未提及,2026-01-26 00:00,15000/20000,都江堰市凤凰体育场,https://docimg2.docs.qq.com/image/AgAACG-qqCHWJ4jehOVL7aqGqPp32C5N.png?w=1280&h=2221,✔️,,400-687-7787,成都世遗马拉松,,https://chengdu.shuzixindong.com,35000,200/200,四川,,2026-01-19 18:00,北京北奥集团有限责任公司,chengdushiyimls@beiao.com,全程 / 半程,2026-03-22 00:00,中签后缴费,自行评估,成都世遗马拉松,
官网/微信/小程序 / 数字心动,重庆市长寿区人民政府,2026-01-12 14:00,已结束,A,未提及,,8000,长寿湖广场,,❌,,020-85511286,重庆长寿湖半程马拉松,,,8000,138,重庆,,2026-02-23 23:59,重庆长寿文旅运营管理股份有限公司 / 南京极致体育发展有限公司,brsmarathon@163.com,半程,2026-03-22 00:00,报名时缴费,自行评估,长寿湖体育赛事,
官网/微信/小程序 / 数字心动,自贡市人民政府 / 自贡市大安区人民政府 / 四川省田径协会,2026-01-13 10:00,已结束,A,未提及,,6000,,,❌,,0813-2303862,自贡恐龙半程马拉松,,,6000,120,四川,,2026-02-11 23:59,自贡市安途文化旅游集团有限公司,zigongmarathon@scsig.com,半程,2026-03-22 00:00,报名时缴费,必须,自贡大安体育,
官网/微信/小程序 / 汇跑参赛助手 / 数字心动,无锡市人民政府,2025-12-19 10:00,已结束,A / 金标 / AIMS,未提及,2026-01-05 09:56,27000/8000,太湖西大道与隐秀路交叉口,,✔️,有退出及候补机制,4009942195,无锡马拉松,,https://wuximarathon.com/,35000,200/200,江苏,,2025-12-25 17:00,无锡汇跑体育有限公司,kefu@ihuipao.com,全程 / 半程,2026-03-22 00:00,中签后缴费,自行评估,汇跑赛事,
官网/微信/小程序,茂名市人民政府,2025-12-05 10:00,已结束,B,半程或以上,2025-12-28 07:38,4000/6000,中国第一滩旅游度假区,,✔️,,17665235238,茂名马拉松赛,,,10000,188/168,广东,,2025-12-20 10:00,广州乐跑客文化体育发展有限公司,maoming_marathon@126.com,全程 / 半程,2026-01-18 00:00,报名时缴费,自行评估,茂名马拉松赛,
官网/微信/小程序 / 数字心动,丽水市人民政府,2025-12-26 10:00,已结束,A,未提及,,5000/10000,万地广场,,❌,,4000970160,丽水马拉松,,http://www.lsmarathon.org,15000,150/100,浙江,,2026-01-20 18:00,浙江飞翔体育文化有限公司,lishuimarathon@163.com,全程 / 半程,2026-03-22 00:00,报名时缴费,必须,丽水马拉松,
官网/微信/小程序,绵阳市人民政府 / 江油市人民政府 / 四川省田径协会,2026-01-04 09:00,已结束,A,未提及,2026-02-03 00:00,3000/7000,江油市体育中心,,✔️,,028-62077702,江油马拉松,,,10000,150/120,四川,,2026-01-31 12:00,,jiangyoumarathon@163.com,全程 / 半程,2026-03-01 00:00,报名时缴费,现场核验,江油太白杯马拉松,
官网/微信/小程序 / 马拉马拉 / 数字心动,武汉市人民政府,2025-12-12 14:00,已结束,A / 精英,未提及,2026-01-04 00:00,17000/13000,沿江大道与三阳路交叉口,,✔️,,027-88712733,武汉马拉松,,https://www.wuhanmarathon.org/,30000,200/200,湖北,,2025-12-19 14:00,武汉体育发展投资有限公司 / 武汉汉马体育管理有限公司,apply@wuhanmarathon.org,全程 / 半程,2026-03-22 00:00,中签后缴费,自行评估,武汉马拉松,
数字心动 / 马拉马拉,北京市体育局 / 北京市体育总会 / 北京市顺义区人民政府,2026-01-19 14:00,已结束,A,未提及,2026-02-06 00:00,6000,机场北线南路与裕宁路交叉口,,✔️,,010-68900260,顺义后沙峪人才社区半程马拉松,,,6000,120,北京,,2026-01-28 17:00,,,半程,2026-03-29 00:00,报名时缴费,自行评估,北京顺义峪马,
官网/微信/小程序,"""中華民國路跑協會""",2025-11-13 16:00,已结束,AIMS,竞速菁英马拉松组需4小时内马拉松完赛成绩,,500/5000,,,❌,有,(886)02-25855659,臺北國道馬拉松,,https://www.taipeifreewaymarathon.com/,5500,NT$1300/1100,台湾,,2026-01-08 17:00,,service@sportsnet.org.tw,全程 / 半程,2026-03-08 00:00,报名时缴费,未提及,,
官网/微信/小程序 / 第一赛道,来宾市教育体育局 / 武宣县人民政府,2026-01-29 10:00,已结束,B,半程或以上,,4000,武宣县市民广场,,❌,3月8日前提供退改,,武宣半程马拉松,,https://wuxuan.sport-china.cn,4000,120,广西,,2026-03-08 18:00,广州朗朗体育文化有限公司,wuxuan@gustomail.cn,半程,2026-03-22 00:00,报名时缴费,自行评估,武宣半程马拉松,
官网/微信/小程序,香港元老田徑會,2025-10-24 12:00,已结束,AIMS,未提及,,400/600,大网仔路,,❌,无,(852)96173895,中國沿岸馬拉松及半馬拉松,,https://avohk.org/index.php/china-coast/,1000,HK$600/450,香港,,2025-12-31 12:00,,chinacoastmarathon@gmail.com,全程 / 半程,2026-01-11 00:00,报名时缴费,未提及,,
官网/微信/小程序 / 数字心动 / 马拉马拉,广州市增城区人民政府,2025-12-02 11:00,已结束,B,未提及,,20000,增城广场,,❌,,18202007981,粤港澳大湾区女子半程马拉松,,https://www.gba-womenmarathon.com,20000,198,广东,,2025-12-15 11:00,浙江午马精英体育发展有限公司,marathon@zengcheng.gov.cn,半程,2026-01-01 00:00,报名时缴费,自行评估,粤港澳大湾区女子半程马拉松,
官网/微信/小程序,香港馬拉松推廣社,2025-12-09 20:00,已结束,WA,未提及,,,,https://docimg5.docs.qq.com/image/AgAACG-qqCHOIi5M6LZBD45-CdtM1Y6Y.png?w=295&h=284,❌,,(852)52290518,RMAC「沙田 10K」河畔賽,,https://hkmarathonpro.com/,,HK$350,香港,,2026-02-16 23:59,,hkmarathonpro@yahoo.com.hk,10km,2026-03-08 00:00,报名时缴费,未提及,,
官网/微信/小程序 / 数字心动,石家庄市人民政府,2026-01-07 10:00,已结束,A / 标牌,未提及,2026-01-27 00:00,17000/18000,解放广场,https://docimg10.docs.qq.com/image/AgAACG-qqCFGmSLBjcxDB4Q7yP0yMYz7.jpeg?w=1280&h=853,✔️,,0311-87710266,石家庄马拉松,,http://www.sjz-marathon.com,35000,150/120,河北,,2026-01-18 17:00,河北野人体育文化发展有限公司,sjzmoc@126.com,全程 / 半程,2026-03-29 00:00,中签后缴费,自行评估,石家庄马拉松赛,
官网/微信/小程序 / 数字心动 / 马拉马拉 / 赛客 / 跑跑网 / 智赛通 / 悦跑圈,中国田径协会 / 茂名市茂南区人民政府,2026-02-10 19:00,已结束,A / WA,未提及,2026-03-09 00:00,2000/2000,茂名市露天矿博物馆,,✔️,,17665235238,中国田径协会10公里精英赛（广东茂名·茂南站）,,,4000,100/80,广东,,2026-03-06 18:00,广州乐跑客文化体育发展有限公司,,10km / 短距离,2026-03-22 00:00,报名时缴费,自行评估,茂名茂南10K精英赛、乐跑客,
官网/微信/小程序 / 数字心动,云南省体育局 / 普洱市人民政府,2025-09-29 14:00,已结束,A,未提及,2025-12-18 00:00,3000/8000,普洱大剧院,,✔️,,13529388388,普洱思茅马拉松,,https://www.sichuanbojiesports.com,11000,180/150,云南,,2025-12-08 22:00,四川博捷体育文化传播有限公司,,全程 / 半程,2026-01-18 00:00,报名时缴费,必须,普洱思茅马拉松、博捷体育,
官网/微信/小程序,南京市人民政府,2026-01-12 10:00,已结束,A,未提及,2026-02-02 00:00,10000,青奥森林公园-南门,,✔️,,025-87775902,南京半程马拉松,,https://www.nj-halfmarathon.com,10000,200,江苏,,2026-01-21 17:00,南京善跑体育科技有限公司,nj-halfmarathon@xempower.com.cn,半程,2026-03-15 00:00,中签后缴费,自行评估,南京半程马拉松,
官网/微信/小程序 / 数字心动,南京市溧水区人民政府,2025-12-31 10:00,已结束,A,10km及以上,2026-01-06 00:00,10000,致远路与涌泉路交叉口,,✔️,,19905197127,南京溧水半程马拉松,,,10000,160,江苏,,2026-01-31 10:00,江苏有迈体育发展股份有限公司,jslsmls@163.com,半程,2026-03-22 00:00,报名时缴费,自行评估,南京溧水半程马拉松,
官网/微信/小程序 / 上马,上海市体育总会 / 上海市浦东新区人民政府 / 东浩兰生（集团）有限公司,2026-01-16 10:00,已结束,A / 金标,未提及,2026-01-27 00:00,15000,东方明珠广播电视塔,,✔️,,400-101-5879,上海半程马拉松,,https://www.shang-ma.com,15000,160,上海,,2026-01-19 14:00,,general@shmarathon.com,半程,2026-03-15 00:00,中签后缴费,自行评估,上马,
官网/微信/小程序 / 数字心动,浙江省体育局 / 宁波市人民政府,2025-12-06 10:00,已结束,A,未提及,2025-12-21 00:00,12000/15000,阳光广场,https://docimg5.docs.qq.com/image/AgAACG-qqCFR9yx71-9D1bN6mP6dXu6-.png?w=3007&h=4613,✔️,有候补退出机制,19357652870,宁波马拉松,,https://ningbomarathon.shuzixindong.com,27000,180/150,浙江,,2025-12-13 18:00,浙江大丰体育文化发展有限公司,competition@dafengsc.cn,全程 / 半程,2026-03-15 00:00,中签后缴费,自行评估,宁波马拉松,
官网/微信/小程序 / 数字心动 / 润赛美佳,重庆市万州区人民政府,2025-12-29 12:00,已结束,A,未提及,,3000/9000,重庆万州体育中心,,❌,,18008053490,重庆万州环湖马拉松,,http://www.wanzhoumls.com,12000,180/150,重庆,,2026-01-30 10:00,成都中体大健康体育文化传播有限公司,634176826@qq.com,全程 / 半程,2026-03-15 19:19,报名时缴费,必须,中体大健康、平湖万州、文旅万州,
官网/微信/小程序,孝感市人民政府,2026-01-15 15:00,已结束,A,半程或以上 / 10km及以上,2026-02-12 00:00,6000/10000,孝感市文化中心,,✔️,无,027-59266510,孝感马拉松,,,16000,180/150,湖北,,2026-02-05 15:00,湖北省体育产业集团长江赛事运营有限公司,xgmarathon@163.com,全程 / 半程,2026-03-08 00:00,报名时缴费,自行评估,孝感马拉松,
官网/微信/小程序,南昌高新技术产业开发区管委会 / 南昌市体育局,2026-02-14 10:00,已结束,B,10km及以上,,4000,天子河公园,,❌,,19079185632,南昌鄱阳湖半程马拉松,,,4000,120,江西,,2026-02-23 23:59,,pysthmarathon@163.com,半程,2026-03-15 00:00,报名时缴费,自行评估,云动山西,
官网/微信/小程序 / 数字心动,远安县人民政府,2026-01-19 15:00,已结束,B,半程或以上 / 10km及以上,,2000/4000,桃花岛,,❌,,027-59266510,远安马拉松,,https://www.ya-marathon.com,6000,150/120,湖北,,2026-02-28 17:00,武汉锋尚体育发展有限公司,yamarathon@163.com,全程 / 半程,2026-03-15 00:00,报名时缴费,自行评估,远安田野马拉松,
官网/微信/小程序,聯合國兒童基金會香港委員會,2025-09-08 10:00,已结束,HK / AIMS,,,1200/3000/1500/400,香港迪士尼乐园停车场,,❌,,(852)28336139,聯合國兒童基金會慈善跑,,https://run.unicef.org.hk/powerun/zh,6100,HK$600/550/500/400,香港,,2025-11-16 23:59,,,半程 / 10km / 5km / 短距离,2026-01-04 00:00,报名时缴费,未提及,,
官网/微信/小程序 / 数字心动,中国田径协会 / 上海市静安区人民政府,2026-01-30 08:30,已结束,A / WA,未提及,2026-02-28 00:00,4500/300,大宁公园-北门,,✔️,,021-62676803,中国田径协会10公里精英赛（上海·静安站）,,,4800,150/100,上海,,2026-02-23 17:00,江苏苏奥体育科技有限公司,,10km,2026-03-22 00:00,报名时缴费,自行评估,上海静安半程马拉松,
官网/微信/小程序,浙江省黄龙体育中心 / 杭州市体育局 / 杭州市西湖区人民政府 / 杭州西湖风景名胜区管理委员会 / 浙江省马拉松及路跑协会,2026-01-13 14:00,已结束,A,男子半程145全程340女子半程155全程400以内,2026-01-29 14:00,10000,黄龙体育中心,https://docimg7.docs.qq.com/image/AgAACG-qqCFBT2PRa4pJHJmEvOwKFX1P.jpeg?w=1080&h=1106,✔️,,0571-87630507,西湖半程马拉松,,https://xm.zhetiyu.cn,10000,200,浙江,,2026-01-19 17:00,浙江黄龙体育发展有限公司,WLHM@zjhlsports.cn,半程,2026-03-22 00:00,中签后缴费,必须,西湖半程马拉松,
官网/微信/小程序,徐闻县人民政府,2025-09-19 10:00,已结束,B,未提及,2025-12-15 00:00,1500/3500,中国菠萝第一镇曲界菠萝交易市场,,✔️,,19903046020,徐闻马拉松,,https://www.xuwenmarathon.com,5000,180/150,广东,,2025-10-24 16:00,广州宽洋体育产业有限公司,info@oceanwidesports.com,全程 / 半程,2026-01-18 23:18,报名时缴费,自行评估,徐闻菠萝的海马拉松,
官网/微信/小程序 / 数字心动,曲靖市人民政府,2026-01-04 14:00,已结束,A,未提及,2026-02-28 00:00,3000/7000,,,✔️,,0871-65629970,曲靖罗平花海马拉松,,http://www.qujingluoping-marathon.com,10000,200/150,云南,,2026-02-23 23:59,云南行知探索体育文旅产业有限公司,luoping_marathon@126.com,全程 / 半程,2026-03-15 00:00,报名时缴费,现场查验心电图报告,曲靖罗平马拉松,
官网/微信/小程序 / 我要赛 / 跑跑网 / 最酷 / 数字心动 / 马拉马拉,中国田径协会 / 太仓市人民政府,2025-11-17 08:30,已结束,A / WA,未提及,2025-12-15 00:00,6000,太仓市娄江新城规划展示馆,,✔️,无,0512-65722565,中国田径协会10公里精英赛（苏州·太仓站）,,,6000,150,江苏,,2025-12-10 17:00,江苏苏奥体育科技有限公司,suaosports@163.com,10km,2026-01-01 17:28,报名时缴费,自行评估,太仓中德半程马拉松,
官网/微信/小程序 / 数字心动,广元市人民政府 / 四川省田径协会,2025-12-29 10:00,已结束,A,未提及,,10000,广元澳源体育中心,,❌,,19960615487,广元半程马拉松,,https://guangyuan.jinshensports.com,10000,160,四川,,2026-01-30 10:00,海南今燊体育文化发展有限公司,guangyuanmarathon@163.com,半程,2026-03-22 00:00,报名时缴费,自行评估,广元半程马拉松,
官网/微信/小程序 / 数字心动,安阳市人民政府,2026-01-08 15:22,已结束,A,半程或以上,2026-01-29 00:00,6000/14000,,,✔️,2月27日前可退,0371-86667787,安阳马拉松赛,,,20000,180/150,河南,,2026-01-20 15:22,河南世纪中原体育文化有限公司,2658719366@qq.com,全程 / 半程,2026-03-22 00:00,报名时缴费,自行评估,安阳马拉松,"https://docimg8.docs.qq.com/image/AgAACG-qqCFck90u0WxDbZT9gsviz8gy.png?w=862&h=561, https://docimg3.docs.qq.com/image/AgAACG-qqCHcnq0Pou9LfJW3kJ7wtIGI.png?w=4530&h=2861"
官网/微信/小程序 / 数字心动,中国田径协会 / 澄迈县人民政府,2025-11-19 10:00,已结束,A / WA,未提及,,5000/5000,,,❌,,19389867055,中国田径协会10公里精英赛（海南澄迈站）,,,10000,100/50,海南,,2025-12-11 17:00,海南今燊体育文化发展有限公司,13876011078@163.com,10km / 短距离,2026-01-03 00:00,报名时缴费,未提及,今粲体育,
官网/微信/小程序,澳門特別行政區政府體育局 / 澳門田徑總會 / 金沙中国有限公司,2026-01-31 09:00,已结束,MC / 标牌 / AIMS,未提及,,7000/3000,奥林匹克体育中心,,❌,,(853)28236363,澳門國際十公里長跑賽,,https://www.macao10k.com,10000,MOP200/70,澳门,,2026-02-26 20:00,,macao10k@sport.gov.mo,10km / 短距离,2026-03-15 00:00,报名时缴费,未提及,澳门体育,
官网/微信/小程序 / 第一赛道,佛山市顺德区人民政府,2025-08-22 10:00,已结束,A,半程或以上,2025-11-29 21:06,10000/8000,海骏达城,,✔️,,,顺德容桂环岛马拉松,,http://rg-marathon.com,18000,200/180,广东,,2025-10-08 22:00,广东新中体育集团有限公司,ronggui@gustomail.cn,全程 / 半程,2026-01-03 00:00,报名时缴费,自行评估,顺德容桂马拉松,
官网/微信/小程序,中国香港田径总会,2025-09-08 10:00,已结束,HK / 金标 / AIMS,马拉松组需10公里以上赛事完赛经历,2025-09-23 00:00,18000/25000/31000,尖沙咀地铁站,,✔️,,(852)25770800,香港馬拉松,,https://www.hkmarathon.com,74000,US$90/85/70,香港,,2025-09-17 19:00,,hkmarathon@hkaaa.com,全程 / 半程 / 10km,2026-01-18 17:36,中签后缴费,未提及,,
官网/微信/小程序,重庆市体育局 / 重庆市南岸区人民政府 / 重庆市巴南区人民政府,2025-08-18 10:00,已结束,A / 金标 / AIMS / CMM,半程或以上,2025-09-04 00:00,25000,,,✔️,,,重庆马拉松,,,25000,200,重庆,,2025-08-24 17:00,重庆重马体育发展有限公司,cqmarathon@163.com,全程,2026-01-18 00:00,报名时缴费,未提及,重庆马拉松、重庆重马体育,
数字心动,南京江北新区管理委员会 / 南京市浦口区人民政府,2026-01-26 15:00,已结束,A / 标牌,未提及,2026-02-14 00:00,10000/10000,南京青奥体育公园,https://docimg7.docs.qq.com/image/AgAACG-qqCEOBUvQzqBCn5zOAqljt3VV.jpeg?w=1280&h=1809,✔️,,025-58118026,南京北岸马拉松,,,20000,150/120,江苏,,2026-02-10 17:00,,,全程 / 半程,2026-03-08 00:00,报名时缴费,自行评估,北岸文旅,
官网/微信/小程序,明愛之友,2025-12-11 00:00,已结束,HK / WA,未提及,,,高锟会议中心,"https://docimg4.docs.qq.com/image/AgAACG-qqCFXVkeRslFDKYf2hv7Ii1Tw.png?w=832&h=832, https://docimg6.docs.qq.com/image/AgAACG-qqCE_VaniAapE0pGC3ER1GTJn.png?w=832&h=832",❌,,(+852)66604683,明愛之友慈善跑,,https://runwithlove.org.hk/zh-hant/,,HK$350,香港,,2026-01-16 23:59,,foc_event@caritas.org.hk,10km / 5km / 短距离,2026-02-01 00:00,报名时缴费,未提及,,
官网/微信/小程序,"""中華民國路跑協會""",2025-08-21 16:00,已结束,AIMS,未提及,,4700/9300/9000/3000,总统府第二局第五科图书馆,,❌,有,(886)02-2585-5659,臺北公益馬拉松,,http://scbmarathon2024.com/index.php,26000,NT$1500/1300/850/650,台湾,,2025-10-30 16:00,,service@sportsnet.org.tw,全程 / 半程 / 中距离 / 短距离,2026-01-11 00:00,报名时缴费,未提及,,
官网/微信/小程序,"新北市政府 / ""中華民國田徑協會""",2025-10-17 12:00,已结束,CT / 金标 / AIMS,未提及,2025-11-03 00:00,6000/5000,,,✔️,2025年12月19日前可退60%报名费 ,(886)0958-725-204,新北市万金石马拉松,,https://wanjinshi-marathon.com.tw/,11000,NT$1500/800,台湾,,2025-10-30 12:00,動能策略行銷有限公司,wanjinshimarathon@gmail.com,全程 / 10km,2026-03-15 00:00,报名时缴费,未提及,,
官网/微信/小程序 / 数字心动,上海市崇明区人民政府,2026-01-12 12:00,已结束,A,10km及以上,2026-02-05 00:00,4900,上海中华职业技术学院,,✔️,,021-50922526,上海长江半程马拉松,,https://www.world550.com,4900,200,上海,,2026-01-20 18:00,戈友文化传媒（上海）有限公司,,半程,2026-03-22 00:00,报名时缴费,自行评估,550体育、运动崇明,
官网/微信/小程序 / 数字心动,厦门市人民政府,2025-09-17 10:00,已结束,A / 白金 / AIMS,未提及,2025-10-14 00:00,35000,厦门国际会议展览中心,,✔️,2025年12月22日18时前可退出,0592-5372205,厦门马拉松,,https://www.xmim.org/,35000,200,福建,,2025-10-09 18:00,厦门文广体育有限公司,bmc@xmim.org,全程,2026-01-11 10:39,中签后缴费,自行评估,厦门马拉松赛,
官网/微信/小程序 / 数字心动 / 第一赛道,贵州省体育局 / 黔西南州人民政府,2026-01-10 14:00,已结束,B,半程或以上 / 10km及以上,2026-02-26 00:00,3000/3000,阳光谷旅游度假区,,✔️,,15338697179,万峰林马拉松,,,6000,128/98,贵州,,2026-02-10 18:00,,WanfenglinMalasong@163.com,全程 / 半程,2026-03-15 00:00,报名时缴费,必须,万峰林马拉松,
官网/微信/小程序,金門縣政府,2025-07-23 18:00,已结束,AIMS,未提及,,2000/3300/3500,金门县服务中心,,❌,有,,金門馬拉松,,https://www.sportsnet.org.tw/20250119_web/,8800,NT$1000/900/800,福建,,2025-10-16 23:59,,service@sportsnet.org.tw,全程 / 半程 / 10km,2026-01-25 00:00,报名时缴费,未提及,,
官网/微信/小程序 / 赛中赛 / 数字心动 / 跑跑网,桐乡市人民政府,2025-12-26 10:00,已结束,A,未提及,2026-01-26 00:00,12000,李宁体育园,,✔️,1月25日12时前可退,1772662515,桐乡半程马拉松,,https://tongxiang-marathon.cn,12000,120,浙江,,2026-01-16 18:00,深圳中赛体育产业发展有限公司,txbcmls@zhongsaisports.com,半程,2026-03-22 00:00,报名时缴费,自行评估,桐乡半程马拉松,
官网/微信/小程序 / 第一赛道 / 数字心动,宁波市奉化区人民政府,2025-12-18 10:00,已结束,A,半程或以上,2026-01-10 00:00,5000/8000,奉化体育中心,,✔️,,13534392052,奉化马拉松,,https://www.fenghuataohuamarathon.com,13000,160/130,浙江,,2026-01-05 18:00,路越（上海）体育发展有限公司,fenghuamarathon@luyuesport.com,全程 / 半程,2026-03-22 19:48,中签后缴费,可用完赛证书,奉化马拉松,https://docimg3.docs.qq.com/image/AgAACG-qqCED39kgaFVFzaPGrB7kxI8i.jpeg?w=4096&h=1771
官网/微信/小程序 / 第一赛道 / 京东go,柳州市人民政府,2026-01-16 14:00,已结束,A,半程或以上,2026-02-28 00:00,10000/15000,柳州市河东公园-市民广场,,✔️,"1.退赛退费：（1）已提交报名信息及支付的选手，在退改服务期限内，可在订单页面自行办理退费服务。（2）完成缴费后24小时内的报名订单，申请退赛退费的将不收取任何费用，报名费将在申请后1个工作日内全额原路退回。（3）完成缴费后超过24小时的报名订单，申请退赛退费的不论项目均需收取20元/次的服务费，扣除相应服务费后剩余费用在申请后1个工作日内原路退回。
2.改换项目：（1）需要更换项目的选手，在退改服务截止前，可先进行退赛退费操作后，重新报名需改换的项目。（2）从短距离项目改长距离项目者，还须符合长距离项目参赛条件并通过审核后方能获得参赛资格。
3.退改服务期限：2月15日退费服务系统关闭，将不再受理任何退费申请。",,柳州马拉松,,https://liuzhou.gusto.cn/,25000,190/150,广西,,2026-02-15 18:00,广西新中体育有限责任公司,liuzhou@sport-china.cn,全程 / 半程,2026-03-29 00:00,报名时缴费,自行评估,第一赛道、柳州马拉松,
官网/微信/小程序 / 智赛通 / 数字心动,中国田径协会 / 无锡市锡山区人民政府,2026-01-31 10:00,已结束,A / WA,未提及,2026-02-27 00:00,3000/2000,桃心小岛露营基地,,✔️,,18921166253,中国田径协会10公里精英赛（无锡·阳山站）,,,5000,150,江苏,,2026-02-14 17:00,,kf@hsqmjs.com,10km / 短距离,2026-03-29 00:00,报名时缴费,自行评估,惠聚精彩,
官网/微信/小程序 / 数字心动,天津市宁河区人民政府,2026-03-07 14:00,已结束,A,半程或以上,2026-03-19 00:00,8000,七里海大道与产业大道交叉口,,✔️,无,13752561839,天津·宁河七里海半程马拉松,,,8000,120,天津,,2026-03-13 17:00,广州悦跑信息科技有限公司,,半程,2026-04-19 00:00,报名时缴费,自行评估,宁河七里海马拉松,
智赛通 / 跑跑网,梧州市人民政府,2026-02-06 10:00,已结束,A,10km及以上,,12000,,,❌,,029-85361589,梧州半程马拉松,,https://www.wuzhou-marathon.com,12000,120,广西,,2026-02-28 23:59,威赢赛事运营有限公司,wuzhoumarathon@163.com,半程,2026-04-19 00:00,,自行评估,梧州文旅、威赢赛事,
官网/微信/小程序 / 数字心动,中国田径协会 / 无锡太湖国家旅游度假区管委会,2026-02-12 10:00,已结束,A / WA,未提及,2026-03-10 00:00,4500/300,灵山胜境,,✔️,,0512-65722565,中国田径协会10公里精英赛（无锡·马山站）,,,4800,150/100,江苏,,2026-03-03 17:00,江苏苏奥体育科技有限公司,suaosports@163.com,10km / 短距离,2026-04-19 00:00,报名时缴费,自行评估,魅力马山、QueenRun,
官网/微信/小程序 / 数字心动 / 润赛美佳,四川省田径协会 / 犍为县人民政府,2026-01-16 12:00,已结束,A,未提及,,5000,远洋广场,,❌,,18008053490,乐山犍为茉莉之乡半程马拉松,,,5000,180,四川,,2026-01-25 17:00,成都中体大健康体育文化传播有限公司,,半程,2026-03-29 00:00,报名时缴费,必须,,
官网/微信/小程序,陕西省体育局 / 延安市人民政府,2026-02-10 10:00,已结束,A,未提及,2026-03-10 00:00,3000/12000,延安市人民公园,,✔️,,029-88225136,延安新区马拉松赛,,,15000,180/150,陕西,,2026-02-28 23:59,陕西体育集团西风烈赛事有限公司,,全程 / 半程,2026-04-19 00:00,报名时缴费,自行评估,陕体西风烈,
官网/微信/小程序,信阳市教育体育局 / 新县人民政府,2026-01-12 15:00,已结束,A,未提及,,6000,新县广场,https://docimg5.docs.qq.com/image/AgAACG-qqCE1gUys-EJAko99KZdZSda9.png?w=1080&h=1526,❌,,19561319619,新县半程马拉松,,,6000,130,河南,,2026-03-12 15:00,,2829432202@qq.com,半程,2026-04-12 00:00,报名时缴费,自行评估,新县半程马拉松、炫彩酷跑,
官网/微信/小程序 / 数字心动,湖州市人民政府,2026-02-05 10:00,已结束,A,未提及,2026-03-04 00:00,3000/13000,湖州市奥体中心,,✔️,,0572-2587703,湖州马拉松,,https://hz.xcmsports.com/,16000,180/160,浙江,,2026-02-26 18:00,厦门文广体育有限公司 / 湖州市体育产业发展有限公司,huzhoumarathon@126.com,全程 / 半程,2026-04-12 00:00,报名时缴费,自行评估,湖州马拉松,
官网/微信/小程序 / 数字心动,中国田径协会 / 漳州市芗城区人民政府,2026-03-30 10:00,已结束,A / WA,未提及,2026-04-17 00:00,4000/1000,日昇广场,,✔️,,15880408497,中国田径协会10公里精英赛（漳州·芗城站）,,,5000,100/60,福建,,2026-04-15 22:00,,412506154@qq.com,10km / 短距离,2026-04-26 00:00,报名时缴费,自行评估,漳州马拉松,
京东go / 数字心动,北京市体育局 / 北京市经济和信息化局 / 北京经济技术开发区管委会,2026-03-03 16:00,已结束,A,10km及以上,2026-03-15 00:00,12000,通明湖公园,,✔️,,400-825-8525,北京亦庄半程马拉松,,https://etown-halfmarathon.ejplay.com.cn,12000,120,北京,,2026-03-09 12:00,,etowenmarathon@163.com,半程,2026-04-19 00:00,报名时缴费,自行评估,北京亦庄半程马拉松,
官网/微信/小程序 / 马拉马拉,北京市体育局,2026-02-14 18:00,已结束,A / 标牌,10km及以上,2026-03-13 00:00,22000,天安门广场,,✔️,,13161117089,北京半程马拉松,,https://beijing-halfmarathon.btime.com/#/home,22000,120,北京,,2026-02-25 12:00,,beijing-halfmarathon@brtv.org.cn,半程,2026-04-12 00:00,中签后缴费,自行评估,北京半程马拉松,
官网/微信/小程序,盐城市人民政府,2026-01-14 10:00,已结束,A / 标牌,未提及,2026-02-26 00:00,5000/10000,盐城奥体中心-体育场,,✔️,无,025-87775902,盐城马拉松,,https://www.jsyc-marathon.com,15000,160/160,江苏,,2026-02-09 18:00,南京善跑体育科技有限公司,ycmls520@163.com,全程 / 半程,2026-03-29 00:30,报名时缴费,自行评估,盐城马拉松,
官网/微信/小程序 / 马拉马拉 / 数字心动,扬州市人民政府,2026-01-22 10:00,已结束,A / 白金,10km及以上,2026-02-07 00:00,23000,扬州市民中心广场,,✔️,有,18618329968,扬州半程马拉松,,https://www.yzmls.com/,23000,180,江苏,,2026-01-28 20:00,中奥路跑(北京)体育管理有限公司,yzmls@yzmls.com,半程,2026-03-29 00:00,中签后缴费,自行评估,扬州半程马拉松,
官网/微信/小程序 / 数字心动,江西省体育局 / 九江市人民政府,2026-02-06 10:00,已结束,A,未提及,2026-03-03 00:00,8000/12000,九江市人民政府,,✔️,无,19905197127,九江马拉松,,,20000,160/150,江西,,2026-02-27 18:00,,jiujiangmarathon@126.com,全程 / 半程,2026-03-29 00:00,中签后缴费,自行评估,九江马拉松,
官网/微信/小程序 / 数字心动,绍兴市上虞区人民政府,2026-02-02 15:00,已结束,A,10km及以上,,15000,上虞体育中心,,❌,,0575-82200455,绍兴·上虞半程马拉松,,https://www.shangyu-marathon.com,15000,120,浙江,,2026-03-03 17:00,广州博润体育科技有限公司,shangyumls@163.com,半程,2026-04-12 00:00,报名时缴费,自行评估,绍兴上虞半程马拉松,
官网/微信/小程序 / 数字心动,和县人民政府 / 马鞍山市体育局,2026-02-10 10:00,已结束,B,未提及,2026-03-17 00:00,5000,和县体育中心,,✔️,,,和县半程马拉松,,,5000,100,安徽,,2026-03-10 22:00,,hexianmalasong@126.com,半程,2026-04-19 00:00,报名时缴费,自行评估,和县文旅,
官网/微信/小程序 / 数字心动 / 马拉马拉,青岛市人民政府,2025-12-24 15:00,已结束,A / 精英,半程或以上,2026-01-14 00:00,13000/12000,青岛市人民政府,,✔️,"1.预报名时间内，所有报名者可申请取消预报名。
2.已支付的报名成功者在2026年1月14日15:00至2026年2月11日12:00期间内可申请取消报名；2026年1月19日17:00前申请取消，原报名项目报名费全额退还；2026年1月19日17:00后申请，退还原报名项目报名费的75%。
3.候补报名时间内，所有候补报名者可申请取消候补报名并退款。
4.其余时间内不可申请取消（预）报名。
5.上述退款将在10个工作日内通过原支付渠道退回。",15689901187,青岛马拉松,,https://www.qd-mls.com,25000,200/160,山东,,2026-01-06 17:00,青岛青马爱跑体育文化有限公司,zixun@qd-mls.com,全程 / 半程,2026-04-19 00:33,中签后缴费,自行评估,青岛国际马拉松,
官网/微信/小程序 / 数字心动,芜湖市人民政府,2025-12-22 10:00,已结束,A,未提及,2026-02-05 00:00,6000/1000,芜湖航空新城运动中心,,✔️,无,,芜湖马拉松,,,16000,160/120,安徽,,2026-01-25 16:00,安徽波动马拉松赛事运营管理有限公司,wuhumarathon@163.com,全程 / 半程,2026-03-29 00:00,报名时缴费,自行评估,航空芜马,
官网/微信/小程序 / 数字心动 / 马拉马拉 / 润赛美佳 / 最酷 / 跑跑网,鄂州市文化和旅游局（体育局） / 鄂州市梁子湖区人民政府,2026-01-20 15:00,已结束,B,10km及以上,,4000,梧桐湖码头,,❌,,15871412919,鄂州梁子湖半程马拉松,,,4000,100,湖北,,2026-03-02 23:59,,2658836739@qq.com,半程,2026-04-12 00:00,报名时缴费,自行评估,鄂州梁子湖半程马拉松,
官网/微信/小程序,"""中華民國路跑協會""",2025-11-25 16:00,已结束,AIMS,未提及,,6000/5000/1500,台北市政府,,❌,有,(886)02-25855659,WOMEN RUN TPE,,https://www.womenruntpe.com/,12500,NT$1400/900/600,台湾,,2026-02-25 17:00,,service@sportsnet.org.tw,半程 / 10km / 短距离,2026-04-12 00:00,报名时缴费,未提及,,
官网/微信/小程序 / 数字心动,垫江县人民政府,2026-01-06 10:00,已结束,A,未提及,,4000/8000,三合湖湿地公园,,❌,3月6日前可退,17316784625,重庆垫江牡丹马拉松,,,12000,150/120,重庆,,2026-01-31 23:59,,,全程 / 半程,2026-03-29 19:50,报名时缴费,自行评估,重庆垫江马拉松,
官网/微信/小程序 / 数字心动,中国田径协会 / 嘉善县人民政府,2026-03-25 10:00,已结束,A / WA,未提及,,2500/1000,嘉善大云旅游度假区,,❌,无,18058756033,中国田径协会10公里精英赛（嘉善·大云）,,,3500,100/80,浙江,,2026-04-10 10:00,浙江午马精英体育发展有限公司,178827103@qq.com,10km / 短距离,2026-04-26 00:00,报名时缴费,自行评估,午马体育,
官网/微信/小程序,南京市栖霞区人民政府 / 南京经济技术开发区管理委员会 / 南京市仙林大学城管理委员会,2026-01-08 10:03,已结束,A / 精英,未提及,2026-02-03 00:00,12000,羊山公园-西门,,✔️,2月12日18点前可以退,025-87775902,南京仙林半程马拉松,,https://www.xlmarathon.com,12000,200,江苏,,2026-01-23 18:00,南京善跑体育科技有限公司,xlmarathon@163.com,半程,2026-04-12 00:00,中签后缴费,自行评估,南京仙林半程马拉松,
官网/微信/小程序 / 汇跑参赛助手 / 数字心动,淮安市人民政府,2026-01-21 10:00,已结束,A / 标牌,半程或以上 / 10km及以上,2026-02-06 00:00,8000/7000,,https://docimg6.docs.qq.com/image/AgAACG-qqCEQQCcRi51MJYSSWk7qxqAo.jpeg?w=1280&h=1717,✔️,3月22日之后不可退出,400-99-42195,淮安马拉松,,https://huaian.marathon.org.cn,15000,160/160,江苏,,2026-01-27 17:00,无锡汇跑体育有限公司,kefu@ihuipao.com,全程 / 半程,2026-04-12 00:00,中签后缴费,自行评估,汇跑赛事、淮安马拉松,
官网/微信/小程序 / 数字心动,来凤县人民政府 / 龙山县人民政府,2026-01-16 10:00,已结束,A,半程或以上 / 10km及以上,2026-03-13 00:00,3500/7500,来凤县文体局文化广场,,✔️,,19907155622,湘鄂龙凤马拉松,,,11000,150/120,湖北,,2026-03-10 18:00,北京互通天地国际体育文化有限公司,longfengmls@126.com,全程 / 半程,2026-04-11 00:00,报名时缴费,自行评估,湘鄂龙凤双城马拉松,
官网/微信/小程序 / 数字心动 / 马拉马拉 / 跑跑网 / 马拉松报名网,贵州省体育局 / 遵义市人民政府,2026-02-26 09:00,已结束,A,半程或以上 / 10km及以上,2026-03-13 00:00,4000/8000,奥体中心,,✔️,,0851-28975933,遵义马拉松,,,12000,198/158,贵州,,2026-03-10 23:59,,,全程 / 半程,2026-04-12 00:00,中签后缴费,自行评估,遵义马拉松,
官网/微信/小程序,宿迁市人民政府,2025-12-18 10:00,已结束,A,未提及,2026-02-02 00:00,4000/8000,项王故里景区,,✔️,无,025-87775902,宿迁马拉松,,https://www.sqmarathon.com,12000,160/160,江苏,,2026-01-14 18:00,南京魔盒信息科技有限公司,sq-marathon@xempower.com.cn,全程 / 半程,2026-03-29 19:43,报名时缴费,自行评估,宿迁城市马拉松,
官网/微信/小程序 / 数字心动,永修县人民政府 / 永修县农旅投资开发有限公司,2026-01-27 10:00,已结束,A,未提及,,10000,,,❌,,19905197127,江西永修半程马拉松赛,,,10000,120,江西,,2026-03-15 18:00,,,半程,2026-04-12 00:00,报名时缴费,自行评估,有迈路跑,
官网/微信/小程序 / 数字心动,湖南省体育局 / 岳阳市人民政府,2026-02-03 10:00,已结束,A,半程或以上 / 10km及以上,,2000/10000,"""守护好一江碧水""首倡地展陈馆",,❌,,,岳阳马拉松,,,12000,150/140,湖南,,2026-02-23 17:00,,,全程 / 半程,2026-03-29 00:00,报名时缴费,自行评估,岳阳马拉松,
官网/微信/小程序,十堰市人民政府,2026-03-10 15:00,已结束,A,半程或以上 / 10km及以上,2026-04-05 10:15,3000/9000,十堰市奥林匹克体育中心,,✔️,,,十堰马拉松,,,12000,180/150,湖北,,2026-04-01 15:00,,shiyanmarathon@126.com,全程 / 半程,2026-04-19 00:00,报名时缴费,自行评估,十堰马拉松,
官网/微信/小程序 / 数字心动,合肥市体育局 / 肥西县人民政府,2026-02-14 14:00,已结束,B,未提及,2026-03-11 00:00,6000,山门广场,,✔️,,,合肥紫蓬山半程马拉松,,,6000,150,安徽,,2026-02-28 10:00,,zpsbcmls@126.com,半程,2026-04-12 00:00,报名时缴费,自行评估,合肥马拉松,
官网/微信/小程序 / 第一赛道,陕西省体育局 / 杨凌示范区管委会,2026-01-29 14:00,已结束,A / 标牌,半程或以上 / 10km及以上,2026-03-05 00:00,8000/12000,杨凌农展广场,,✔️,,,杨凌农科城马拉松赛,,https://www.yangling-marathon.com,20000,200/180,陕西,,2026-02-28 18:00,广东新中体育集团有限公司,yangling@gustomail.cn,全程 / 半程,2026-04-12 00:00,报名时缴费,自行评估,杨凌农科城马拉松、第一赛道,
官网/微信/小程序 / 数字心动,北京市通州区人民政府 / 北京市国有资产经营有限责任公司,2026-03-11 16:00,已结束,A,半程或以上,2026-03-25 00:00,12000,中国人民大学(通州校区)-东南门,,✔️,,4006306116,北京城市副中心马拉松,,http://bjmcmarathon.chinaath.com,12000,180,北京,,2026-03-20 12:00,,bjmcm@beiao.com,全程,2026-04-19 00:00,报名时缴费,自行评估,北京城市副中心马拉松,
官网/微信/小程序 / 数字心动,渭南市体育局 / 富平县人民政府,2026-01-06 10:00,已结束,B,未提及,,8000,富昌大桥,,❌,,010-53383535,富平半程马拉松,,,8000,150,陕西,,2026-02-05 18:00,北京双奥体育文化产业集团有限公司,shuangao66@163.com,半程,2026-04-12 00:00,,自行评估,富平半程马拉松,
官网/微信/小程序,雄安新区管委会,2026-01-28 10:00,已结束,A,半程或以上 / 10km及以上,2026-02-12 18:03,2000/10000,雄安城市计算(超算云)中心,,✔️,,16613098927,雄安马拉松,,https://www.xa42195.com,12000,150/100,河北,,2026-02-03 18:00,北京中迹体育管理有限公司,xionganmarathon@163.com,全程 / 半程,2026-04-12 00:00,报名时缴费,自行评估,雄安马拉松官方公众号,
官网/微信/小程序 / 数字心动 / 润赛美佳 / 最酷,山东广播电视台 / 威海市体育局 / 荣成市人民政府,2026-02-26 14:30,已结束,A,半程或以上 / 10km及以上,2026-03-16 00:00,3000/7000,荣成奥林匹克中心,,✔️,3月20日12:00前可退出,0531-66661234,荣成滨海马拉松,,http://rongchengmls.iqilu.com/,10000,180/150,山东,,2026-03-06 15:00,山东广播电视台,rongchengmls@163.com,全程 / 半程,2026-04-19 00:00,中签后缴费,自行评估,荣成滨海马拉松,
官网/微信/小程序 / 数字心动,阜阳市人民政府,2026-02-06 10:00,已结束,A,未提及,2026-03-13 00:00,5000/10000,阜阳市规划展示馆,,✔️,,,阜阳马拉松赛,,,15000,150/120,安徽,,2026-03-06 22:00,,mlsfuyang@163.com,全程 / 半程,2026-04-12 00:00,报名时缴费,自行评估,阜阳旅游,
官网/微信/小程序 / 数字心动 / 马拉马拉 / 高德地图 / 最酷 / 跑跑网,连南瑶族自治县人民政府,2026-01-22 10:00,已结束,A,10km及以上,,5000,连南瑶族自治县人民政府,,❌,无,18475817461,连南半程马拉松,,,5000,168,广东,,2026-03-08 17:00,,lnmarathon@163.com,半程,2026-03-29 00:00,报名时缴费,自行评估,连南半程马拉松,
官网/微信/小程序 / 数字心动 / 马拉马拉 / 高德地图,北京市密云区人民政府,2026-03-18 10:00,已结束,A / 精英,半程或以上 / 10km及以上,2026-03-31 10:15,5000/10000,北京市密云区青少年宫,,✔️,4月5日前可退出,010-53899658,密云马拉松,,,15000,200/180,北京,,2026-03-23 14:00,北京中锐体育产业有限公司,miyunmarathon@126.com,全程 / 半程,2026-04-26 00:00,中签后缴费,自行评估,密云生态马拉松,
官网/微信/小程序 / 数字心动,湖北省体育局 / 咸宁市人民政府,2026-01-22 10:00,已结束,A,未提及,2026-03-06 00:00,4000/9000,咸宁人民广场,,✔️,,027-59882567,咸宁马拉松,,https://www.xianningmarathon.com,13000,180/150,湖北,,2026-02-25 18:00,湖北体育产业集团长江赛事运营有限公司,xianningmarathon@163.com,全程 / 半程,2026-03-29 00:00,报名时缴费,自行评估,咸宁马拉松,
官网/微信/小程序,上海市松江区人民政府,2026-01-29 10:00,已结束,A,未提及,2026-03-04 00:00,10000,上海欢乐谷,,✔️,2月28日前可退,025-87775902,上海佘山半程马拉松,,https://www.sj-marathon.com,10000,200,上海,,2026-02-13 18:00,南京魔盒信息科技有限公司,sheshan-marathon@imohoo.com,半程,2026-04-12 00:00,报名时缴费,自行评估,上海佘山半程马拉松,
官网/微信/小程序,江阴市人民政府,2026-01-15 10:00,已结束,A,未提及,2026-02-02 00:00,15000,江阴体育中心,,✔️,,0510-86413280,江阴半程马拉松,,,15000,150,江苏,,2026-01-24 17:00,浙江中迹体育发展有限公司,jiangyinbanma@163.com,半程,2026-04-12 00:00,中签后缴费,自行评估,江阴半程马拉松,
官网/微信/小程序,大连市人民政府,2026-02-08 10:00,已结束,A / 精英 / AIMS,半程或以上 / 10km及以上,2026-03-06 00:00,16000/14000,大连东港商务区,,✔️,报名期间可退；出签后3月11日18点前可退,0411-84802607,大连马拉松赛,,https://httpsL//www.dlmls.org,30000,180/150,辽宁,,2026-02-12 18:00,华润文化体育发展有限公司,dalianmarathon@126.com,全程 / 半程,2026-04-26 00:00,中签后缴费,自行评估,大连马拉松赛,
官网/微信/小程序 / 数字心动,民权县人民政府,2026-01-21 10:00,已结束,B,未提及,,2000/5000,民权县委党校,,❌,,19286685188,民权马拉松,,,7000,150/120,河南,,2026-03-27 10:00,,minquanmls@163.com,全程 / 半程,2026-04-19 00:00,报名时缴费,自行评估,民权体育,
数字心动 / 最酷 / 马拉马拉 / 跑跑网 / 润赛美佳 / 智赛通,中新天津生态城管理委员会,2026-01-26 11:00,已结束,B,10km及以上,2026-02-08 00:00,10000,国家海洋博物馆,,✔️,有退出及候补,18511305012,中新天津生态城半程马拉松,,,10000,150,天津,,2026-02-02 15:00,北京初美体育文化发展有限公司,stcmarathon@163.com,半程,2026-04-12 00:00,报名时缴费,自行评估,生态城精彩赛事,
官网/微信/小程序,杭州市富阳区人民政府,2026-03-24 10:00,已结束,B,未提及,2026-04-08 10:14,10000,富阳区文化中心,,✔️,,13928422907,杭州富阳半程马拉松,,https://www.fymls.com,10000,150,浙江,,2026-03-29 14:00,深圳市五环体育产业发展有限公司,fuyangmarathon@163.com,半程,2026-04-19 00:00,报名时缴费,自行评估,杭州富阳半程马拉松赛,
官网/微信/小程序 / 数字心动,重庆市两江新区人民政府筹备组 / 重庆市妇女联合会 / 重庆广播电视集团（总台）,2026-01-08 10:00,已结束,A,未提及,2026-02-12 00:00,15000,鎏嘉码头,,✔️,开赛前15天因病可退,13368251109,重庆女子半程马拉松,,https://www.sherown.com,15000,180,重庆,,2026-02-02 23:59,重庆市江北区文化旅游开发有限公司 / 开承体育文化产业（重庆）有限公司,kctycq@163.com,半程,2026-03-29 00:00,报名时缴费,自行评估,重庆女马,
数字心动,定州市人民政府,2026-01-16 10:00,已结束,A,未提及,2026-01-30 00:00,15000,定州文体中心,,✔️,,18733216831,定州半程马拉松,,,15000,160,河北,,2026-01-25 17:00,河北乐跑体育发展有限公司,dzmalasong520@163.com,半程,2026-04-19 00:00,报名时缴费,自行评估,定州马拉松,
官网/微信/小程序 / 数字心动,仙桃市人民政府,2026-01-16 15:00,已结束,A,半程或以上 / 10km及以上,2026-02-13 00:00,3000/9000,荣怀学校,,✔️,,19720273211,仙桃马拉松,,http://xiantao-marathon.com,12000,180/150,湖北,,2026-02-10 17:00,,marathonhubei@126.com,全程 / 半程,2026-03-29 00:00,报名时缴费,自行评估,仙桃马拉松,
官网/微信/小程序 / 数字心动 / 润赛美佳,宜宾市人民政府 / 四川省田径协会,2026-01-30 10:00,已结束,A,未提及,,4000/12000,三江路与学园街交叉口,,❌,,18008053490,宜宾长江首城马拉松,,,16000,180/150,四川,,2026-03-03 18:00,成都中体大健康体育文化传播有限公司,,全程 / 半程,2026-04-19 00:00,报名时缴费,自行评估,宜宾长江马拉松,
官网/微信/小程序,保定市人民政府,2026-02-24 10:00,已结束,A,未提及,2026-03-05 00:00,8000/12000,七一东路与锦湖北大街交叉口,,✔️,3月10日18:00可以取消报名,025-87775902,保定马拉松,,https://bdmth.xempower.cn,20000,120/100,河北,,2026-02-28 17:00,南京善跑体育科技有限公司,bdmarathon@xempower.com.cn,全程 / 半程,2026-04-19 00:00,中签后缴费,自行评估,保定马拉松,
官网/微信/小程序 / 数字心动,安庆市教育体育局 / 怀宁县人民政府,2026-01-15 10:00,已结束,B,未提及,2026-03-02 00:00,2000/5000,市民广场,,✔️,抽签前可退,17775390907,怀宁马拉松,,,7000,120/100,安徽,,2026-02-12 22:00,安徽波动马拉松赛事运营管理有限公司,2141436164@qq.com,全程 / 半程,2026-04-19 00:00,报名时缴费,自行评估,秀莓怀宁,
官网/微信/小程序 / 数字心动 / 马拉马拉,中国田径协会 / 北京市海淀区人民政府,2026-02-28 10:00,已结束,A / WA,10km及以上,2026-03-18 00:00,3000/3000,北京中关村国家自主创新示范区展示中心,,✔️,,18600742195,中国田径协会10公里精英赛（北京海淀站）,,https://10k.haidian-marathon.com,6000,99/66,北京,,2026-03-08 18:00,北京中锐体育产业有限公司,haidianmarathon@163.com,10km / 短距离,2026-04-06 00:00,报名时缴费,自行评估,海淀马拉松,
官网/微信/小程序 / 数字心动,蚌埠市人民政府,2026-02-26 10:00,已结束,A,未提及,2026-03-25 00:00,2000/10000,蚌埠市体育中心体育馆,,✔️,,,蚌埠马拉松,,,12000,120/120,安徽,,2026-03-17 10:00,安徽波动体育文化科技有限公司,bengbumls@163.com,全程 / 半程,2026-04-26 00:00,报名时缴费,自行评估,蚌埠马拉松,
官网/微信/小程序 / 数字心动,银川市体育局 / 银川市文化旅游广电局 / 银川市葡萄酒产业发展服务中心 / 银川市西夏区人民政府,2026-02-12 10:00,已结束,B,10km及以上,2026-03-18 00:00,5500,贺兰羿射箭主题综合运动中心,,✔️,,18795009943,宁夏贺兰山东麓半程马拉松路跑双季赛（花季赛）,,,5500,120(早鸟100),宁夏,,2026-02-26 17:00,,,半程,2026-04-19 00:00,报名时缴费,自行评估,宁夏贺兰山路跑双季赛,
官网/微信/小程序,杭州市余杭区人民政府,2026-02-06 10:00,已结束,A,半程或以上,,15000,杭州未来科技城学术交流中心,,❌,无,13388436994,杭州梦想小镇半程马拉松,,http://www.dream-marathon.com,15000,100,浙江,,2026-02-25 17:00,杭州立夏科技体育有限公司,dreamtown_marathon@163.com,半程,2026-03-29 00:00,报名时缴费,可用完赛证书,杭州梦想小镇马拉松,
官网/微信/小程序 / 数字心动 / 马拉马拉 / 最酷 / 润赛美佳,济宁市体育局 / 曲阜市人民政府,2026-01-06 10:00,已结束,B,未提及,,12000,曲阜市孔子国际会展中心,,❌,,19953736913,曲阜半程马拉松,,https://www.qufumarathon.com,12000,120,山东,,2026-02-06 23:59,,qfmarathon@163.com,半程,2026-04-19 00:00,报名时缴费,必须,圣城体育,
官网/微信/小程序,岱山县人民政府,2026-01-31 10:00,已结束,A,10km及以上,2026-02-13 00:00,4000,岱山体育馆,,✔️,,0580-4476012,岱山海岬半程马拉松,,,4000,150,浙江,,2026-02-12 18:00,北京中迹体育管理有限公司,dshjmarathon@163.com,半程,2026-03-29 00:00,报名时缴费,自行评估,岱山海岬半程马拉松,
数字心动,中国田径协会 / 厦门市同安区人民政府,2026-02-28 18:00,已结束,A / WA,10km及以上,2026-04-03 00:00,5000/3000,美峰体育公园,,✔️,,,中国田径协会10公里精英赛（厦门同安站）,,,8000,100/60,福建,,2026-03-31 18:00,,chinadreamsports@outlook.com,10km / 短距离,2026-04-26 00:00,报名时缴费,必须,梦想体育DreamSports,
官网/微信/小程序,,,待确定,精英,,,,,,,,,沈阳马拉松,,,,,辽宁,,,,,全程 / 半程,2026-09-13 00:00,,,,
官网/微信/小程序,,2026-06-10 15:00,待报名,认证中,,,,,,,,,威宁半程马拉松,,,10000,,贵州,,,,,半程,2026-08-23 00:00,,,,
官网/微信/小程序 / 数字心动 / 润赛美佳,昆明市人民政府,2026-05-18 14:00,待出签,A,10km及以上,2026-06-01 00:00,12000,昆明滇池国际会展中心,,✔️,,13529388388,昆明半程马拉松,,https://kunming-marathon.com,12000,180,云南,,2026-05-25 22:00,四川博捷体育文化传播有限公司,,半程,2026-06-21 00:00,报名时缴费,必须,昆明高原国际半程马拉松赛、博捷体育,
官网/微信/小程序 / 润赛美佳 / 数字心动,楚雄市人民政府,2026-05-18 10:00,报名中,认证中,半程或以上 / 10km及以上,,3000/7000,楚雄州文化活动中心(彝海北路),,✔️,,17787824975,楚雄马拉松,,https://chuxiongmarathon.shuzixindong.com,10000,180/150,云南,,2026-06-30 20:00,北京迅驰体育管理有限公司,cxmls@centurysports.com.cn,全程 / 半程,2026-08-02 00:00,报名时缴费,可用完赛证书,楚雄马拉松赛,
官网/微信/小程序 / 数字心动,吉林市人民政府 / 吉林省体育局,2026-04-09 12:00,已结束,A / 精英,未提及,2026-04-29 00:00,12000/18000,吉林市人民广场,,✔️,,18043728220,吉林市马拉松,,http://www.jilinmarathon.com,30000,180/160,吉林,,2026-04-23 18:00,,jilinmarathon@126.com,全程 / 半程,2026-05-31 00:00,中签后缴费,自行评估,吉林市马拉松,
官网/微信/小程序,,,待确定,标牌,,,,,,,,,西安马拉松,,,,,陕西,,,,,全程 / 半程,2026-10-18 00:00,,,,
官网/微信/小程序 / 数字心动,塔城地区行政公署,2026-05-28 18:00,待确定,B,10km及以上,,4000,塔城市千泉湖,,✔️,,18701560227,塔城半程马拉松,,,4000,80,新疆,,2026-06-14 17:00,,18701560227@163.com,半程,2026-06-21 00:00,报名时缴费,自行评估,2026塔城马拉松,
官网/微信/小程序,,,待确定,精英,,,,,,,,,哈尔滨马拉松,,,,,黑龙江,,,,,全程 / 半程,2026-08-30 00:00,,,,
官网/微信/小程序 / 数字心动,青岛西海岸新区管委,2026-03-20 14:00,已结束,B,未提及,2026-04-15 00:00,20000,金沙滩啤酒城,,✔️,,4000-666-375,青岛西海岸半程马拉松,,,20000,160,山东,,2026-04-03 17:00,青岛平头体育有限公司,,半程,2026-05-17 00:00,报名时缴费,未提及,青岛西海岸半程马拉松,
官网/微信/小程序,,,待确定,,,,,,,,,,济南（泉城）马拉松,,,,,山东,,,,,,2026-10-18 00:00,,,,
官网/微信/小程序 / 数字心动,长春市人民政府 / 吉林省体育局,2026-03-21 15:00,已结束,A,未提及,2026-04-11 00:00,20000/15000,长春体育中心,,✔️,,0431-88655081,长春马拉松,,http://www.changchunmarathon.com,35000,180/150,吉林,,2026-04-07 18:00,厦门文广体育有限公司,ccmarathon@126.com,全程 / 半程,2026-05-17 13:42,中签后缴费,自行评估,长春马拉松,
官网/微信/小程序,,,待确定,认证中,,,,,,,,,沈阳·康平卧龙湖马拉松,,,,,辽宁,,,,,,2026-08-23 00:00,,,,
官网/微信/小程序,贵州省体育局 / 六盘水市人民政府,2026-05-12 15:00,待开赛,认证中,半程或以上 / 10km及以上,2026-06-02 00:00,8000/16000,贵州省六盘水市广场,,✔️,,0858-8242195,六盘水马拉松,,,24000,198/178,贵州,,2026-05-24 18:00,贵州钟山旅游产业发展有限责任公司,gzlpsmb@163.com,全程 / 半程,2026-07-19 00:00,中签后缴费,自行评估,凉都六盘水马拉松,
官网/微信/小程序,,,待确定,认证中,,,,,,,,,宁夏沙坡头半程马拉松赛,,,,,宁夏,,,,,,2026-08-30 00:00,,,,
官网/微信/小程序,,,待确定,,,,,,,,,,水富半程马拉松,,,,,云南,,,,,,2026-10-18 00:00,,,,
官网/微信/小程序,,,待确定,认证中,,,,,,,,,可克达拉半程马拉松,,,,,兵团,,,,,,2026-09-05 00:00,,,,
官网/微信/小程序 / 汇跑参赛助手,西宁市人民政府 / 西宁市城西区人民政府,2026-04-14 10:00,待开赛,A,10km及以上,2026-05-11 00:00,12000,青海体育中心,,✔️,,028-86042195,西宁半程马拉松,,,12000,150,青海,,2026-04-30 22:00,广州万达体育发展有限公司,xnhalfmarathon@163.com,半程,2026-06-28 00:00,报名时缴费,自行评估,2026西宁半程马拉松、西宁半程马拉松,
官网/微信/小程序 / 第一赛道 / 京东go,贵州省体育局 / 贵阳市人民政府,2026-04-08 10:00,待开赛,A / 精英,半程或以上 / 10km及以上,2026-05-08 00:00,10000/15000,贵阳国际会议展览中心北广场,,✔️,5月25日（含）前可退出,,贵阳马拉松,,http://www.guiyangmarathon.com,25000,200/180,贵州,,2026-04-29 23:59,广东新中体育集团有限公司,guiyang@sport-china.cn,全程 / 半程,2026-06-14 00:00,中签后缴费,自行评估,贵阳马拉松,
官网/微信/小程序,,,待确定,,,,,,,,,,宜都半程马拉松,,,,,湖北,,,,,,2026-10-11 00:00,,,,
官网/微信/小程序,,,待确定,金标 / AIMS / CMM,,,,,,,,,北京马拉松,,,,,北京,,,,,全程,2026-10-18 00:00,,,,
官网/微信/小程序,,,待确定,,,,,,,,,,庐山半程马拉松,,,,,江西,,,,,,2026-09-26 00:00,,,,
官网/微信/小程序 / 数字心动,中国田径协会 / 怒江州人民政府,2026-02-03 10:00,已结束,A / WA,未提及,,3000/3000,雪山路,,❌,无,13529388388,中国田径协会10公里精英赛（怒江·泸水）,,,6000,100/80,云南,,2026-04-10 22:00,云南博捷体育赛事策划有限公司,,10km / 短距离,2026-05-03 00:00,报名时缴费,未提及,博捷体育,
官网/微信/小程序,,,待确定,,,,,,,,,,天津团泊湖半程马拉松,,,,,天津,,,,,,2026-09-27 00:00,,,,
官网/微信/小程序 / 数字心动 / 马拉马拉 / 润赛美佳 / 最酷,威海市体育局 / 乳山市人民政府,2026-03-25 10:00,已结束,B,10km及以上,,5000,银滩滨海旅游度假区-大拇指广场,,❌,,15501042195,乳山半程马拉松,,https://rushan.marathon.org.cn,5000,120,山东,,2026-04-20 15:00,王者传奇（北京）体育文化有限公司,liren18marathon@163.com,半程,2026-05-17 00:00,报名时缴费,自行评估,王者传奇体育,
数字心动,北京市大兴区人民政府,2026-03-12 10:00,已结束,A,10km及以上,2026-03-28 00:00,5500,魏庄南路,,✔️,,010-53383535,北京大兴半程马拉松,,,5500,120,北京,,2026-03-18 18:00,北京双奥体育文化产业集团有限公司,shuangao11@163.com,半程,2026-05-17 00:00,中签后缴费,自行评估,首善之地魏善庄,
数字心动,高平市人民政府,2026-03-13 10:00,已结束,B,半程或以上 / 10km及以上,,4000/6000,高平经济技术开发区台湾产业园,,❌,,0351-6933111,高平马拉松赛,,,10000,120/100,山西,,2026-04-01 18:00,,,全程 / 半程,2026-05-02 00:00,报名时缴费,自行评估,高平市体育总会,
官网/微信/小程序 / 润赛美佳,中共宝清县委 / 宝清县人民政府,2026-03-16 10:00,已结束,B,半程或以上 / 10km及以上,2026-05-06 00:00,2000/4000,宝清县文化创意中心,,✔️,,18945189663,宝清马拉松,,https://www.baoqingmarathon.com,6000,150/120,黑龙江,,2026-04-30 20:00,,bqmls@centurysports.com.cn,全程 / 半程,2026-05-31 00:00,报名时缴费,自行评估,宝清马拉松,
官网/微信/小程序,,,待确定,,,,,,,,,,海淀马拉松,,,,,北京,,,,,,2026-10-11 00:00,,,,
官网/微信/小程序 / 数字心动,于都县人民政府 / 赣州市体育局,2026-03-30 15:00,已结束,B,10km及以上,2026-04-14 00:00,10000,中央红军长征集结出发地纪念园,,✔️,,,于都半程马拉松,,,10000,128,江西,,2026-04-10 15:00,,yudumalasong@126.com,半程,2026-04-26 00:00,报名时缴费,自行评估,于都教体局、于都发布,
官网/微信/小程序,,,待确定,,,,,,,,,,聊城半程马拉松,,,,,山东,,,,,,2026-09-27 00:00,,,,
官网/微信/小程序,,,待确定,认证中,,,,,,,,,拉萨半程马拉松,,,,,西藏,,,,,,2026-08-23 00:00,,,,
官网/微信/小程序,襄阳市人民政府,2026-02-11 15:00,已结束,A,10km及以上,,8000,宜城市楚都文化中心,,❌,,027-59266510,宜城半程马拉松,,,8000,130,湖北,,2026-03-26 17:00,武汉锋尚体育发展有限公司,ycbcmls@163.com,半程,2026-04-26 00:00,报名时缴费,自行评估,宜城半程马拉松,
官网/微信/小程序 / 数字心动,中国田径协会 / 大冶市人民政府,2026-03-27 10:00,已结束,A / WA,未提及,,3000/7000,大冶市会展中心-西门,,❌,无,15607161178,中国田径协会10公里精英赛（湖北·大冶）,,,10000,100/50,湖北,,2026-04-14 23:59,,2943740296@qq.com,10km / 短距离,2026-05-03 00:00,报名时缴费,自行评估,大冶体育,
官网/微信/小程序,,,待确定,金标 / AIMS,,,,,,,,,黄河口（东营）马拉松,,,,,山东,,,,,全程 / 半程,2026-10-18 00:00,,,,
官网/微信/小程序,,,待确定,,,,,,,,,,杭州湘湖半程马拉松,,,,,浙江,,,,,,2026-10-18 00:00,,,,
官网/微信/小程序 / 数字心动,红河哈尼族彝族自治州人民政府,2026-03-23 10:00,已结束,A,未提及,2026-04-24 00:00,15000,弥勒文体中心,,✔️,,13529388388,弥勒半程马拉松,,https://sichuanbojiesports.com,15000,150,云南,,2026-04-13 22:00,四川博捷体育文化传播有限公司,,半程,2026-05-24 00:00,报名时缴费,必须,博捷体育、弥勒半程马拉松,
官网/微信/小程序,,,待确定,,,,,,,,,,潮白湿地半程马拉松,,,,,天津,,,,,,2026-10-01 00:00,,,,
官网/微信/小程序,伊犁哈萨克自治州体育局 / 伊宁市人民政府,2026-03-06 10:00,已结束,A,半程或以上 / 10km及以上,2026-04-10 00:00,2000/4000,七彩广场,,✔️,,025-87775902,伊犁河马拉松,,https://ylhmls.xempower.cn,6000,150/120,新疆,,2026-03-31 18:00,南京魔盒信息科技有限公司,ylh-marathon@xempower.com.cn,全程 / 半程,2026-04-26 00:00,报名时缴费,自行评估,伊犁河马拉松,
官网/微信/小程序,,,待确定,,,,,,,,,,随州马拉松赛,,,,,湖北,,,,,,2026-10-18 00:00,,,,
官网/微信/小程序 / 数字心动,贵州省体育局 / 安顺市人民政府,2026-04-30 15:00,待开赛,精英 / A,10km及以上,2026-05-28 00:00,6000,镇宁自治县政务服务中心,,✔️,,13529388388,贵州·镇宁黄果树半程马拉松,,https://sichuanbojiesports.com,6000,200,贵州,,2026-05-18 22:00,四川博捷体育文化传播有限公司,,半程,2026-06-28 00:00,报名时缴费,必须,黄果树半程马拉松、博捷体育,
官网/微信/小程序,,,待确定,AIMS,,,,,,,,,新屋魚米之鄉馬拉松,,,,,台湾,,,,,半程 / 10km / 短距离,2026-10-04 00:00,,,,
官网/微信/小程序 / 数字心动,临泽县人民政府,2026-03-31 10:00,待出签,A,半程或以上 / 10km及以上,,2000/4000,七彩镇,,✔️,,0931-8100500,临泽马拉松,,,6000,150/120,甘肃,,2026-05-31 10:00,,linzemls@163.com,全程 / 半程,2026-06-28 00:00,报名时缴费,自行评估,临泽马拉松,
官网/微信/小程序,甘肃省体育局 / 兰州市人民政府,2026-02-26 10:00,已结束,A / 金标 / AIMS,半程或以上 / 10km及以上,2026-03-06 00:00,25000/8000,兰州奥体中心,,✔️,有候补和退出,0931-8433220,兰州马拉松,,http://lzmarathon.com,33000,200/180,甘肃,,2026-03-04 17:00,北京中迹体育管理有限公司,lanmazuweihui@163.com,全程 / 半程,2026-05-24 00:00,中签后缴费,自行评估,兰州马拉松,
官网/微信/小程序 / 数字心动,金昌市人民政府,2026-06-10 10:00,待确定,,10km及以上,,5000,人民文化广场,,✔️,,0931-7788388,金昌半程马拉松,,https://jinchangmarathon.cn,5000,120,甘肃,,2026-07-31 23:59,甘肃行者体育管理有限公司,jcbcmls@126.com,半程,2026-09-06 00:00,报名时缴费,自行评估,,
官网/微信/小程序,,,待确定,,,,,,,,,,北京房山良乡大学城半程马拉松,,,,,北京,,,,,,2026-09-27 00:00,,,,
官网/微信/小程序,,,待确定,,,,,,,,,,重庆两江摇滚半程马拉松,,,,,重庆,,,,,,2026-10-17 00:00,,,,
官网/微信/小程序,湖南省体育局 / 长沙市人民政府,2026-03-05 10:00,已结束,A,10km及以上,2026-03-26 00:00,15000,,,✔️,,0731-82566433,湘江半程马拉松赛,,http://hnxjty.saihuitong.com/m/event?id=810601,15000,150,湖南,,2026-03-12 10:00,湖南博森体育管理有限公司,,半程,2026-04-26 00:00,报名时缴费,自行评估,湘江半程马拉松,
官网/微信/小程序,,,待确定,,,,,,,,,,榆林马拉松,,,,,陕西,,,,,,2026-09-26 00:00,,,,
官网/微信/小程序,,,待确定,,,,,,,,,,泰州马拉松,,,,,江苏,,,,,,2026-10-18 00:00,,,,
官网/微信/小程序 / 润赛美佳 / 数字心动,嘉峪关市人民政府,2026-03-20 10:00,待开赛,A,半程或以上 / 10km及以上,2026-04-12 00:00,2000/5000,雄关广场,,✔️,无,0931-8100300,嘉峪关长城马拉松,,https://www.jyggreatwallmls.com,7000,150/120,甘肃,,2026-04-05 18:00,甘肃行者体育管理有限公司,jyggreatwallmls@163.com,全程 / 半程,2026-06-21 00:00,报名时缴费,自行评估,嘉峪关长城马拉松,
官网/微信/小程序 / 数字心动,大理州人民政府,2026-02-14 13:14,已结束,A,半程或以上 / 10km及以上,2026-04-28 00:00,2000/10000,全民健身中心,,✔️,,0871-65629970,澜沧江-湄公河合作大理马拉松,,https://lmcdm.saihuitong.com,12000,200/150,云南,,2026-04-19 23:59,云南行知探索体育文旅产业有限公司,lmcdm2023@163.com,全程 / 半程,2026-05-17 00:00,报名时缴费,自行评估,澜湄合作大理马拉松LMCDM,
官网/微信/小程序,,,待确定,,,,,,,,,,铁门关半程马拉松,,,,,兵团,,,,,,2026-10-18 00:00,,,,
官网/微信/小程序,,,待确定,,,,,,,,,,延安红色半程马拉松,,,,,陕西,,,,,,2026-09-27 00:00,,,,
官网/微信/小程序 / 数字心动,资溪县人民政府 / 抚州市教育体育局,2026-03-18 10:00,已结束,A,10km及以上,2026-04-21 00:00,4000,资溪面包广场,,✔️,无,17770025532,大觉山半程马拉松,,,4000,120,江西,,2026-04-15 23:59,,,半程,2026-05-10 00:00,报名时缴费,自行评估,大觉山马拉松,
官网/微信/小程序 / 马拉马拉,北京唯文恒石体育文化有限责任公司,2025-10-22 22:00,已结束,AIMS,未提及,,-,黄崖关长城风景区-正关广场,,❌,"由于参赛选手自身原因不能参加比赛的，根据如下政策收取取消费：
1) 赛前80天 , 20% 取消费;
2) 赛前79—64天 , 40% 取消费;
3) 赛前63—47天 , 60% 取消费;
4) 赛前46—30天 , 80% 取消费;
5) 赛前30天内取消无退款。",010-63552521,黄崖关长城国际马拉松,,https://www.great-wall-marathon.com.cn,2500,2080,天津,,2026-04-16 22:00,,booking@great-wall-marathon.com.cn,全程 / 半程 / 短距离,2026-05-16 00:00,报名时缴费,未提及,GWM长马,
官网/微信/小程序 / 数字心动,宁夏回族自治区体育局 / 宁夏贺兰山东麓葡萄酒产业园区管委会 / 银川市人民政府,2026-03-30 10:00,已结束,A,未提及,2026-04-20 00:00,8000/17000,人民广场西街,,✔️,,19995196281,宁夏银川马拉松赛,,,25000,180/150,宁夏,,2026-04-16 18:00,厦门文广体育有限公司,yinchuanmls@163.com,全程 / 半程,2026-05-17 00:00,报名时缴费,自行评估,银川马拉松,
官网/微信/小程序,,,待确定,金标,,,,,,,,,"太原马拉松赛
",,,,,山西,,,,,全程 / 半程,2026-09-27 00:00,,,,
官网/微信/小程序,,,待确定,认证中,,,,,,,,,巴东野三关半程马拉松,,,,,湖北,,,,,,2026-08-16 00:00,,,,
官网/微信/小程序 / 数字心动 / 第一赛道,奎屯市人民政府 / 第七师胡杨河市人民政府,2026-03-26 10:00,已结束,A,10km及以上,,8000,奎屯体育中心,,❌,,,新疆奎屯兵地融合半程马拉松,,https://kuitun.gusto.cn,8000,120,新疆,,2026-04-20 10:00,,kuitun@sport-china.cn,半程,2026-05-02 00:00,报名时缴费,自行评估,第一赛道、奎屯马拉松,
官网/微信/小程序 / 数字心动,西藏自治区体育局 / 林芝市人民政府,2026-05-31 10:00,报名中,认证中,10km及以上 / 亚高原完赛记录,2026-07-01 00:00,4000,工布公园,,✔️,,19905197127,林芝半程马拉松,,http://linzhimarathon.umaysports.cn,4000,180,西藏,,2026-06-28 18:00,,linzhimarathon@163.com,半程,2026-07-26 00:00,报名时缴费,自行评估,有迈路跑,
官网/微信/小程序 / 数字心动 / 润赛美佳,凉山彝族自治州人民政府,2026-05-28 10:00,报名中,,半程或以上 / 10km及以上,,6000/14000,,,❌,,18008053490,西昌邛海湿地马拉松,,,20000,200/180,四川,,2026-06-30 18:00,成都中体大健康体育文化传播有限公司,ztdjkgs@163.com,全程 / 半程,2026-11-07 00:00,报名时缴费,必须,西昌邛海湿地马拉松,
官网/微信/小程序,,,待确定,,,,,,,,,,合肥马拉松,,,,,安徽,,,,,,2026-11-08 00:00,,,,
官网/微信/小程序,,,待确定,,,,,,,,,,黄冈半程马拉松,,,,,湖北,,,,,,2026-11-01 00:00,,,,
官网/微信/小程序,,,待确定,,,,,,,,,,常德柳叶湖马拉松,,,,,湖南,,,,,,2026-11-08 00:00,,,,
官网/微信/小程序,,,待确定,,,,,,,,,,顺德半程马拉松,,,,,广东,,,,,,2026-11-08 00:00,,,,
官网/微信/小程序 / 数字心动 / 马拉马拉,成都市人民政府,2026-06-10 10:00,报名中,标牌 / AIMS,半程或以上 / 10km及以上,,25000/10000,金沙遗址博物馆,,✔️,有,15652022602,成都马拉松,,http://chengdumarathon.cn,35000,200/200,四川,,2026-06-24 18:00,红星传媒（成都）有限公司 / 中奥路跑(北京)体育管理有限公司,support@chengdumarathon.cn,全程 / 半程,2026-10-25 00:00,中签后缴费,自行评估,成都马拉松,
官网/微信/小程序 / 数字心动,济宁市体育局 / 济宁太白湖新区管理委员会,2026-05-18 10:00,报名中,,10km及以上,,10000,,,❌,,15166776268,济宁太白湖半程马拉松,,https://ipaohui.cn,10000,120,山东,,2026-06-21 18:00,,ipaohui@126.com,半程,2026-10-25 00:00,,自行评估,太白湖马拉松、爱跑汇,
官网/微信/小程序,,,待确定,,,,,,,,,,富川马拉松,,,,,广西,,,,,,2026-11-08 00:00,,,,
官网/微信/小程序,,,待确定,,,,,,,,,,金山平湖半程马拉松,,,,,上海,,,,,,2026-11-15 00:00,,,,
官网/微信/小程序,,,待确定,,,,,,,,,,宁远九嶷山马拉松,,,,,湖南,,,,,,2026-11-01 00:00,,,,
官网/微信/小程序,,,待确定,AIMS,,,,,,,,,長榮航空馬拉松 ,,,,,台湾,,,,,,2026-10-25 00:00,,,,
官网/微信/小程序,,,待确定,,,,,,,,,,天目湖马拉松,,,,,江苏,,,,,,2026-11-15 00:00,,,,
官网/微信/小程序,,,待确定,,,,,,,,,,怀柔长城马拉松,,,,,北京,,,,,,2026-10-25 00:00,,,,
官网/微信/小程序 / 数字心动 / 跑跑网,烟台市人民政府,2026-05-20 13:14,报名中,认证中,10km及以上 / 半程或以上,2026-06-30 00:00,7000/15000,烟台滨海广场,,✔️,,0535-6936633,烟台马拉松,,,22000,200/160,山东,,2026-06-20 23:59,烟台永辉体育发展有限公司,,全程 / 半程,2026-11-01 00:00,中签后缴费,自行评估,永辉体育,
官网/微信/小程序,,,待确定,,,,,,,,,,宝鸡马拉松,,,,,陕西,,,,,,2026-10-25 00:00,,,,
官网/微信/小程序,,,待确定,,,,,,,,,,重庆（长嘉汇）半程马拉松,,,,,重庆,,,,,,2026-11-01 00:00,,,,
官网/微信/小程序,,,待确定,精英,,,,,,,,,常州西太湖半程马拉松,,,,,江苏,,,,,半程,2026-11-01 00:00,,,,
官网/微信/小程序,,,待确定,AIMS,,,,,,,,,日月潭環湖馬拉松,,,,,台湾,,,,,,2026-11-01 00:00,,,,
官网/微信/小程序,,,待确定,标牌,,,,,,,,,环蠡湖半程马拉松,,,,,江苏,,,,,半程,2026-11-01 00:00,,,,
官网/微信/小程序,,,待确定,,,,,,,,,,马鞍山·采石矶半程马拉松,,,,,安徽,,,,,,2026-11-01 00:00,,,,
官网/微信/小程序,,,待确定,标牌,,,,,,,,,高淳马拉松,,,,,江苏,,,,,全程 / 半程,2026-11-08 00:00,,,,
官网/微信/小程序,,,待确定,,,,,,,,,,崇左马拉松,,,,,广西,,,,,,2026-11-08 00:00,,,,
官网/微信/小程序,,,待确定,,,,,,,,,,襄阳马拉松,,,,,湖北,,,,,,2026-10-25 00:00,,,,
官网/微信/小程序,,,待确定,,,,,,,,,,滁州马拉松,,,,,安徽,,,,,,2026-11-08 00:00,,,,
官网/微信/小程序,,,待确定,,,,,,,,,,贺州半程马拉松,,,,,广西,,,,,,2026-10-25 00:00,,,,
官网/微信/小程序,,,待确定,,,,,,,,,,自贡市荣县大佛半程马拉松,,,,,四川,,,,,,2026-11-08 00:00,,,,
官网/微信/小程序,,,待确定,,,,,,,,,,衡阳马拉松,,,,,湖南,,,,,,2026-11-01 00:00,,,,
官网/微信/小程序,,,待确定,,,,,,,,,,招远黄金马拉松,,,,,山东,,,,,,2026-11-08 00:00,,,,
官网/微信/小程序,,,待确定,金标,,,,,,,,,上海10公里精英赛,,,,,上海,,,,,10km,2026-10-25 00:00,,,,
官网/微信/小程序,,,待确定,精英,,,,,,,,,南京马拉松,,,,,江苏,,,,,全程,2026-11-15 00:00,,,,
官网/微信/小程序,,,待确定,,,,,,,,,,扬州高邮大运河半程马拉松赛,,,,,江苏,,,,,,2026-11-01 00:00,,,,
官网/微信/小程序,,,待确定,,,,,,,,,,普洱墨江半程马拉松,,,,,云南,,,,,,2026-10-25 00:00,,,,
官网/微信/小程序,,,待确定,,,,,,,,,,兴安灵渠半程马拉松,,,,,广西,,,,,,2026-11-01 00:00,,,,
官网/微信/小程序,,,待确定,,,,,,,,,,重庆涪陵白鹤梁半程马拉松,,,,,重庆,,,,,,2026-11-01 00:00,,,,
官网/微信/小程序,,,待确定,,,,,,,,,,泗洪马拉松,,,,,江苏,,,,,,2026-10-25 00:00,,,,
官网/微信/小程序,,,待确定,,,,,,,,,,重庆开州汉丰湖马拉松,,,,,重庆,,,,,,2026-10-25 00:00,,,,
官网/微信/小程序,,,待确定,,,,,,,,,,桐庐半程马拉松,,,,,浙江,,,,,,2026-10-25 00:00,,,,
官网/微信/小程序,,,待确定,,,,,,,,,,光谷马拉松,,,,,湖北,,,,,,2026-11-15 00:00,,,,
官网/微信/小程序,,,待确定,AIMS,,,,,,,,,台灣米倉田中馬拉松,,,,,台湾,,,,,,2026-11-08 00:00,,,,
官网/微信/小程序,,,待确定,,,,,,,,,,郴州马拉松,,,,,湖南,,,,,,2026-11-07 00:00,,,,
官网/微信/小程序,,,待确定,,,,,,,,,,眉山东坡马拉松,,,,,四川,,,,,,2026-11-08 00:00,,,,
官网/微信/小程序 / 第一赛道,临沂市人民政府,2026-06-01 14:00,报名中,,半程或以上 / 10km及以上,2026-07-30 00:00,6000/20000,五洲湖广场,,✔️,7月20日18点前可退,,临沂马拉松,,https://linyi.sport-china.cn,26000,180/150,山东,,2026-07-20 18:00,广东新中体育集团有限公司,linyi@gustomail.cn,全程 / 半程,2026-11-01 00:00,报名时缴费,自行评估,临沂体育、2026临沂马拉松、第一赛道,
官网/微信/小程序,,,待确定,AIMS,,,,,,,,,长沙马拉松,,,,,湖南,,,,,,2026-10-25 00:00,,,,
官网/微信/小程序,,,待确定,标牌,,,,,,,,,新余仙女湖马拉松,,,,,江西,,,,,全程 / 半程,2026-11-01 00:00,,,,
官网/微信/小程序,,,待确定,,,,,,,,,,池州马拉松,,,,,安徽,,,,,,2026-11-15 00:00,,,,
官网/微信/小程序,,,待确定,,,,,,,,,,建德马拉松,,,,,浙江,,,,,,2026-11-15 00:00,,,,
官网/微信/小程序,,,待确定,,,,,,,,,,南昌赣江半程马拉松,,,,,江西,,,,,,2026-11-01 00:00,,,,
官网/微信/小程序,,,待确定,标牌,,,,,,,,,杭州钱塘女子半程马拉松,,,,,浙江,,,,,半程,2026-11-08 00:00,,,,
官网/微信/小程序,,,待确定,,,,,,,,,,威海半程马拉松,,,,,山东,,,,,,2026-10-25 00:00,,,,
官网/微信/小程序,,,待确定,,,,,,,,,,北京昌平马拉松,,,,,北京,,,,,,2026-10-25 00:00,,,,
官网/微信/小程序,,,待确定,,,,,,,,,,乐山双遗马拉松,,,,,四川,,,,,,2026-11-08 00:00,,,,
官网/微信/小程序,,,待确定,金标 / AIMS,,,,,,,,,杭州马拉松,,,,,浙江,,,,,全程 / 半程,2026-11-01 00:00,,,,
官网/微信/小程序,,,待确定,,,,,,,,,,罗城半程马拉松,,,,,广西,,,,,,2026-11-08 00:00,,,,
官网/微信/小程序,,,待确定,标牌,,,,,,,,,南昌马拉松,,,,,江西,,,,,全程 / 半程,2026-11-08 00:00,,,,
官网/微信/小程序,,,待确定,,,,,,,,,,宜昌马拉松,,,,,湖北,,,,,,2026-11-01 00:00,,,,
官网/微信/小程序,,,待确定,,,,,,,,,,锡山宛山湖马拉松,,,,,江苏,,,,,全程,2026-11-08 00:00,,,,
官网/微信/小程序,,,待确定,,,,,,,,,,连云港·连岛半程马拉松赛,,,,,江苏,,,,,,2026-10-25 00:00,,,,
官网/微信/小程序,,,待确定,,,,,,,,,,上海长滩半程马拉松,,,,,上海,,,,,,2026-11-15 00:00,,,,
官网/微信/小程序,,,待确定,,,,,,,,,,淮南马拉松,,,,,安徽,,,,,,2026-11-01 00:00,,,,
官网/微信/小程序,,,待确定,,,,,,,,,,腾冲马拉松,,,,,云南,,,,,,2026-11-02 00:00,,,,
官网/微信/小程序,,,待确定,,,,,,,,,,婺源马拉松,,,,,江西,,,,,,2026-11-29 00:00,,,,
官网/微信/小程序 / 上马,上海市体育总会 / 上海市黄浦区人民政府 / 上海市静安区人民政府 / 上海市徐汇区人民政府 / 东浩兰生（集团）有限公司,2026-04-29 15:00,待出签,白金 / AIMS,未提及,2026-06-30 00:00,30000,外滩金牛广场,,✔️,无,400-101-5879,上海马拉松,,https://www.shang-ma.com,30000,200,上海,,2026-05-29 12:00,上海东浩兰生赛事管理有限公司,general@shmarathon.com,全程,2026-12-06 17:08,中签后缴费,未提及,上马,
官网/微信/小程序,,,待确定,金标 / AIMS / CMM,,,,,,,,,广州马拉松,,,,,广东,,,,,全程,2026-12-20 00:00,,,,
官网/微信/小程序,,,待确定,标牌,,,,,,,,,义乌半程马拉松,,,,,浙江,,,,,半程,2026-11-22 00:00,,,,
官网/微信/小程序,,,待确定,,,,,,,,,,阳江海陵岛马拉松,,,,,广东,,,,,,2026-11-29 00:00,,,,
官网/微信/小程序,,,待确定,,,,,,,,,,横琴马拉松,,,,,广东,,,,,,2026-12-27 00:00,,,,
官网/微信/小程序,,,待确定,,,,,,,,,,佛山高明稻田马拉松,,,,,广东,,,,,,2026-11-22 00:00,,,,
官网/微信/小程序,,,待确定,,,,,,,,,,重庆半程马拉松,,,,,重庆,,,,,,2026-12-20 00:00,,,,
官网/微信/小程序,,,待确定,,,,,,,,,,雅安雨城半程马拉松,,,,,四川,,,,,,2026-12-27 00:00,,,,
官网/微信/小程序,,,待确定,,,,,,,,,,千岛湖马拉松,,,,,浙江,,,,,,2026-11-29 00:00,,,,
官网/微信/小程序,,,待确定,认证中,,,,,,,,,沈阳皇姑半程马拉松,,,,,辽宁,,,,,,,,,,
官网/微信/小程序,,,待确定,,,,,,,,,,永定土楼半程马拉松,,,,,福建,,,,,,2026-11-22 00:00,,,,
官网/微信/小程序,,,待确定,,,,,,,,,,重庆璧山马拉松,,,,,重庆,,,,,,2026-11-15 00:00,,,,
官网/微信/小程序,,,待确定,精英,,,,,,,,,南宁马拉松,,,,,广西,,,,,全程 / 半程,2026-12-20 00:00,,,,
官网/微信/小程序,,,待确定,标牌,,,,,,,,,桂林马拉松,,,,,广西,,,,,全程 / 半程,2026-11-15 00:00,,,,
官网/微信/小程序,,,待确定,,,,,,,,,,重庆忠县马拉松,,,,,重庆,,,,,,2026-12-06 00:00,,,,
官网/微信/小程序,,,待确定,,,,,,,,,,六安马拉松,,,,,安徽,,,,,,2026-11-22 00:00,,,,
官网/微信/小程序,,,待确定,,,,,,,,,,兰州新区半程马拉松,,,,,甘肃,,,,,,,,,,
官网/微信/小程序,,,待确定,,,,,,,,,,衢州马拉松,,,,,浙江,,,,,,2026-11-22 00:00,,,,
官网/微信/小程序,,,待确定,,,,,,,,,,深圳南山半程马拉松,,,,,广东,,,,,,2026-12-20 00:00,,,,
官网/微信/小程序,,,待确定,,,,,,,,,,海南儋州马拉松,,,,,海南,,,,,,2026-12-20 00:00,,,,
官网/微信/小程序,,,待确定,,,,,,,,,,温州马拉松,,,,,浙江,,,,,,2026-12-06 00:00,,,,
官网/微信/小程序,,,待确定,金标 / AIMS,,,,,,,,,深圳马拉松,,,,,广东,,,,,全程,2026-12-06 00:00,,,,
官网/微信/小程序,,,待确定,,,,,,,,,,武夷山马拉松,,,,,福建,,,,,,2026-11-29 00:00,,,,
官网/微信/小程序,,,待确定,,,,,,,,,,海南东方半程马拉松,,,,,海南,,,,,,2026-11-22 00:00,,,,
官网/微信/小程序,,,待确定,,,,,,,,,,上合昆明马拉松,,,,,云南,,,,,,2026-12-06 00:00,,,,
官网/微信/小程序,,,待确定,,,,,,,,,,宁夏贺兰山东麓葡萄酒产区半程马拉松路跑双季赛（金秋赛）,,,,,宁夏,,,,,,,,,,
官网/微信/小程序,,,待确定,,,,,,,,,,珠海马拉松,,,,,广东,,,,,,2026-12-06 00:00,,,,
官网/微信/小程序,,,待确定,,,,,,,,,,长荡湖马拉松,,,,,江苏,,,,,,2026-11-22 00:00,,,,
官网/微信/小程序,,,待确定,精英,,,,,,,,,中国-东盟马拉松,,,,,广西,,,,,全程 / 半程,2026-11-22 00:00,,,,
官网/微信/小程序,,,待确定,,,,,,,,,,临汾半程马拉松,,,,,山西,,,,,,,,,,
官网/微信/小程序,,,待确定,,,,,,,,,,云浮新兴半程马拉松,,,,,广东,,,,,,2026-11-22 00:00,,,,
官网/微信/小程序,,,待确定,HK / 白金 / AIMS,,,,,,,,,港珠澳大橋（香港段）半馬拉松,,,,,香港,,,,,半程,2026-11-15 00:00,,,,
官网/微信/小程序,,,待确定,,,,,,,,,,惠州马拉松赛,,,,,广东,,,,,,2026-11-29 00:00,,,,
官网/微信/小程序,,,待确定,,,,,,,,,,宁夏黄河金岸（吴忠）马拉松,,,,,宁夏,,,,,,,,,,
官网/微信/小程序,,,待确定,,,,,,,,,,奉贤海湾森林半程马拉松,,,,,上海,,,,,,2026-11-29 00:00,,,,
官网/微信/小程序,,,待确定,,,,,,,,,,阳泉娘子关半程马拉松,,,,,山西,,,,,,,,,,
官网/微信/小程序,,,待确定,,,,,,,,,,海南（三亚）马拉松,,,,,海南,,,,,,2026-12-27 00:00,,,,
官网/微信/小程序,,,待确定,,,,,,,,,,玉环半程马拉松,,,,,浙江,,,,,,2026-12-05 00:00,,,,
官网/微信/小程序,,,待确定,标牌,,,,,,,,,厦门海沧半程马拉松,,,,,福建,,,,,半程,2026-12-06 00:00,,,,
官网/微信/小程序,,,待确定,,,,,,,,,,盘锦红海滩马拉松,,,,,辽宁,,,,,,,,,,
官网/微信/小程序,,,待确定,,,,,,,,,,长治马拉松,,,,,山西,,,,,,,,,,
官网/微信/小程序,,,待确定,,,,,,,,,,仙游马拉松,,,,,福建,,,,,,2026-11-29 00:00,,,,
官网/微信/小程序,,,待确定,,,,,,,,,,莆田马拉松,,,,,福建,,,,,,2026-12-27 00:00,,,,
官网/微信/小程序,泉州市泉港区人民政府,2025-08-08 18:08,取消,认证中,未提及,,15000/5000,泉港锦绣广场,,❌,经组委会确认获得参赛资格者，如无法参赛，物资包不予发放，报名费不予退还，组委会可给予保留下一届直接参赛资格，但须重新报名并缴纳报名费。如连续两年获得参赛资格，却均未到场参赛，则取消其随后一年的报名参赛资格。报名后由于不可抗因素（包括政策或天气变化）赛事取消无法参赛的，组委会可给予保留下一届直接免费参赛资格或申请退还报名费。,13713809641,泉港半程马拉松,,http://www.cityrun.cc/front/marathon/index/uid/15186.html,20000,168/98,福建,,2026-02-22 23:59,深圳市微马城市发展有限公司,,半程 / 短距离,,报名时缴费,自行评估,泉港半程马拉松,
官网/微信/小程序,,,待确定,精英,,,,,,,,,福州马拉松,,,,,福建,,,,,全程 / 半程,2026-12-27 00:00,,,,
官网/微信/小程序,,,待确定,,,,,,,,,,宁都县红色马拉松,,,,,江西,,,,,,2026-11-22 00:00,,,,
官网/微信/小程序,,,待确定,AIMS,,,,,,,,,曾文水库馬拉松,,,,,台湾,,,,,,2026-12-13 00:00,,,,
官网/微信/小程序,,,待确定,,,,,,,,,,吉木萨尔天山马拉松,,,,,新疆,,,,,,,,,,
官网/微信/小程序,,,待确定,,,,,,,,,,梅州马拉松赛,,,,,广东,,,,,,2026-12-27 00:00,,,,
官网/微信/小程序,,,待确定,认证中,,,,,,,,,瑞安半程马拉松,,,,,浙江,,,,,半程,,,,,
官网/微信/小程序,,,待确定,认证中,,,,,,,,,中国田径协会10公里精英赛（吐鲁番站）,,,,,新疆,,,,,,,,,,
官网/微信/小程序,,,待确定,精英,,,,,,,,,黄石半程马拉松,,,,,湖北,,,,,半程,2026-11-22 00:35,,,,
官网/微信/小程序,,,待确定,AIMS,,,,,,,,,新竹城市馬拉松,,,,,台湾,,,,,,2026-11-15 00:00,,,,
官网/微信/小程序,,,待确定,,,,,,,,,,澄迈半程马拉松,,,,,海南,,,,,,2026-12-06 00:00,,,,
官网/微信/小程序,,,待确定,,,,,,,,,,铁岭莲花湿地半程马拉松,,,,,辽宁,,,,,,,,,,
官网/微信/小程序,,,待确定,,,,,,,,,,琼海博鳌马拉松,,,,,海南,,,,,,2026-12-12 00:00,,,,
官网/微信/小程序,,,待确定,,,,,,,,,,黄山马拉松,,,,,安徽,,,,,,2026-11-29 00:00,,,,
官网/微信/小程序,,,待确定,,,,,,,,,,河源万绿湖马拉松,,,,,广东,,,,,,2026-12-27 00:00,,,,
官网/微信/小程序,,,待确定,CT / 金标 / AIMS,,,,,,,,,臺北馬拉松,,,,,台湾,,,,,全程 / 半程,2026-12-20 00:00,,,,
官网/微信/小程序,,,待确定,,,,,,,,,,台州马拉松,,,,,浙江,,,,,,,,,,
官网/微信/小程序,,,待确定,,,,,,,,,,克拉玛依马拉松,,,,,新疆,,,,,,,,,,
官网/微信/小程序,,,待确定,,,,,,,,,,库尔勒半程马拉松,,,,,新疆,,,,,,,,,,
官网/微信/小程序,,,待确定,,,,,,,,,,厦门环东半程马拉松赛,,,,,福建,,,,,,,,,,
官网/微信/小程序,,,待确定,,,,,,,,,,象山半程马拉松,,,,,浙江,,,,,,,,,,
官网/微信/小程序,,,待确定,,,,,,,,,,井冈山马拉松,,,,,江西,,,,,,,,,,
官网/微信/小程序,,,待确定,,,,,,,,,,康保马拉松,,,,,河北,,,,,,,,,,
官网/微信/小程序,,,待确定,,,,,,,,,,日照马拉松,,,,,山东,,,,,,,,,,
官网/微信/小程序,,,待确定,,,,,,,,,,金秀半程马拉松,,,,,广西,,,,,,,,,,
官网/微信/小程序,,,待确定,,,,,,,,,,长宁·蜀南竹海半程马拉松,,,,,四川,,,,,,,,,,
官网/微信/小程序,,,待确定,,,,,,,,,,三江半程马拉松赛,,,,,广西,,,,,,,,,,
官网/微信/小程序,,,待确定,,,,,,,,,,稷山马拉松,,,,,山西,,,,,,,,,,
官网/微信/小程序,,,待确定,,,,,,,,,,南通马拉松,,,,,江苏,,,,,,,,,,
官网/微信/小程序,,,待确定,,,,,,,,,,郑州马拉松,,,,,河南,,,,,全程 / 半程,,,,,
官网/微信/小程序,,,待确定,,,,,,,,,,官厅湖马拉松,,,,,河北,,,,,,,,,,
官网/微信/小程序,,,待确定,认证中,,,,,,,,,兰溪半程马拉松,,,,,浙江,,,,,半程,,,,,
官网/微信/小程序,,,待确定,,,,,,,,,,玉林马拉松,,,,,广西,,,,,,,,,,
官网/微信/小程序,,,待确定,认证中,,,,,,,,,奉节半程马拉松,,,,,重庆,,,,,,,,,,
官网/微信/小程序,,,待确定,,,,,,,,,,康县青龙山半程马拉松,,,,,甘肃,,,,,,,,,,
官网/微信/小程序,,,待确定,,,,,,,,,,丹东鸭绿江马拉松,,,,,辽宁,,,,,,,,,,
官网/微信/小程序,,,待确定,,,,,,,,,,天津马拉松,,,,,天津,,,,,,,,,,
官网/微信/小程序,,,待确定,,,,,,,,,,赣州马拉松,,,,,江西,,,,,,,,,,
官网/微信/小程序,,,待确定,AIMS,,,,,,,,,臺中國際馬拉松,,,,,台湾,,,,,,,,,,
官网/微信/小程序,,,待确定,,,,,,,,,,虎门半程马拉松,,,,,广东,,,,,,,,,,
官网/微信/小程序,,,待确定,,,,,,,,,,大理小河淌水半程马拉松,,,,,云南,,,,,,,,,,
官网/微信/小程序,,,待确定,认证中,,,,,,,,,钦州马拉松赛,,,,,广西,,,,,全程 / 半程,,,,,
官网/微信/小程序,,,待确定,,,,,,,,,,长春莲花山半程马拉松,,,,,吉林,,,,,,,,,,
官网/微信/小程序,,,待确定,,,,,,,,,,绍兴马拉松,,,,,浙江,,,,,,,,,,
官网/微信/小程序,,,待确定,,,,,,,,,,横店马拉松,,,,,浙江,,,,,,,,,,
官网/微信/小程序,,,待确定,,,,,,,,,,陕西宝鸡·麟游夏季半程马拉松,,,,,陕西,,,,,,,,,,
,,,待确定,A,,,,,,,,,中国田径协会10公里精英赛（兵团第十二师站）,,,,,兵团,,,,,10km / 短距离,,,,,
官网/微信/小程序,,,待确定,,,,,,,,,,汤河国家湿地公园半程马拉松,,,,,河南,,,,,,,,,,
官网/微信/小程序,,,待确定,AIMS,,,,,,,,,嘉義雙潭馬拉松菁英賽,,,,,台湾,,,,,,,,,,
官网/微信/小程序,,,待确定,,,,,,,,,,玉溪抚仙湖半程马拉松,,,,,云南,,,,,,,,,,
官网/微信/小程序,,,待确定,,,,,,,,,,龙口马拉松,,,,,山东,,,,,,,,,,
官网/微信/小程序,,,待确定,,,,,,,,,,乌鲁木齐马拉松,,,,,新疆,,,,,,,,,,
官网/微信/小程序,,,待确定,MC / AIMS,,,,,,,,,澳門國際馬拉松,,https://www.macaomarathon.com,,,澳门,,,,,,,,,澳门体育,
官网/微信/小程序,,,待确定,,,,,,,,,,中国田径协会10公里精英赛（遵义站）,,,,,贵州,,,,,,,,,,
官网/微信/小程序,,,待确定,,,,,,,,,,查干湖马拉松,,,,,吉林,,,,,,,,,,
官网/微信/小程序,,,待确定,,,,,,,,,,黄姚古镇马拉松,,,,,广西,,,,,,,,,,
官网/微信/小程序,,,待确定,,,,,,,,,,中国田径协会10公里精英赛（福建福鼎站）,,,,,福建,,,,,,,,,,
官网/微信/小程序,,,待确定,认证中,,,,,,,,,老河口半程马拉松,,,,,湖北,,,,,,,,,,
官网/微信/小程序,,,待确定,,,,,,,,,,汕头马拉松,,,,,广东,,,,,,,,,,
官网/微信/小程序,,,待确定,,,,,,,,,,环峡山湖马拉松,,,,,山东,,,,,,,,,,
官网/微信/小程序,,,待确定,,,,,,,,,,嘉兴马拉松,,,,,浙江,,,,,,,,,,
官网/微信/小程序,,,待确定,,,,,,,,,,平谷桃花半程马拉松,,,,,北京,,,,,,,,,,
官网/微信/小程序,,,待确定,,,,,,,,,,德州马拉松,,,,,山东,,,,,,,,,,
官网/微信/小程序,,,待确定,,,,,,,,,,中国田径协会10公里精英赛（沈阳站）,,,,,辽宁,,,,,,,,,,
官网/微信/小程序,,,待确定,,,,,,,,,,黄埔马拉松,,,,,广东,,,,,,,,,,
官网/微信/小程序,,,待确定,,,,,,,,,,玉溪马拉松,,,,,云南,,,,,,,,,,
官网/微信/小程序,,,待确定,,,,,,,,,,潍坊马拉松,,,,,山东,,,,,,,,,,
官网/微信/小程序,,,待确定,,,,,,,,,,中国田径协会10公里精英赛（玉溪站）,,,,,云南,,,,,,,,,,
官网/微信/小程序,,,待确定,,,,,,,,,,永川马拉松,,,,,重庆,,,,,全程 / 半程,,,,,
官网/微信/小程序,,,待确定,,,,,,,,,,肇庆马拉松,,,,,广东,,,,,,,,,,
官网/微信/小程序,,,待确定,,,,,,,,,,喀什马拉松,,,,,新疆,,,,,,,,,,
官网/微信/小程序,,,待确定,,,,,,,,,,诸暨西施半程马拉松,,,,,浙江,,,,,,,,,,
官网/微信/小程序,,,待确定,,,,,,,,,,阿克苏市马拉松,,,,,新疆,,,,,,,,,,
官网/微信/小程序,,,待确定,AIMS,,,,,,,,,衡水湖马拉松,,,,,河北,,,,,,,,,,
官网/微信/小程序,,,待确定,,,,,,,,,,江门马拉松赛,,,,,广东,,,,,,,,,,
官网/微信/小程序,,,待确定,,,,,,,,,,临朐半程马拉松,,,,,山东,,,,,,,,,,
官网/微信/小程序,,,待确定,,,,,,,,,,泰宁半程马拉松,,,,,福建,,,,,,,,,,
官网/微信/小程序,,,待确定,,,,,,,,,,苏州环金鸡湖半程马拉松,,,,,江苏,,,,,半程,,,,,
官网/微信/小程序,,,待确定,,,,,,,,,,南充嘉陵江马拉松,,,,,四川,,,,,,,,,,
官网/微信/小程序,,,待确定,,,,,,,,,,遂宁观音湖马拉松,,,,,四川,,,,,,,,,,
官网/微信/小程序,,,待确定,,,,,,,,,,鹤庆半程马拉松,,,,,云南,,,,,,,,,,
官网/微信/小程序,,,待确定,,,,,,,,,,贵州黔东南香炉山马拉松,,,,,贵州,,,,,,,,,,
官网/微信/小程序,,,待确定,,,,,,,,,,万峰林警察半程马拉松,,,,,贵州,,,,,,,,,,
官网/微信/小程序,,,待确定,,,,,,,,,,万峰林半程马拉松,,,,,贵州,,,,,,,,,,
官网/微信/小程序,,,待确定,,,,,,,,,,舟山群岛半程马拉松,,,,,浙江,,,,,,,,,,
官网/微信/小程序,,,待确定,,,,,,,,,,广安马拉松,,,,,四川,,,,,,,,,,
官网/微信/小程序,,,待确定,,,,,,,,,,宁德马拉松,,,,,福建,,,,,,,,,,
官网/微信/小程序,,,待确定,,,,,,,,,,德阳市广汉三星堆半程马拉松,,,,,四川,,,,,,,,,,
官网/微信/小程序,,,待确定,,,,,,,,,,贵州铜仁·梵净山马拉松,,,,,贵州,,,,,,,,,,